/playlist?id=5186456364,[云贝推歌精选] 云贝每周听友推歌精选,177万,网易云贝推歌
/playlist?id=7582775059,[快乐工作指南] 烦恼清空，快乐办公,271万,云音乐官方歌单
/playlist?id=7525397914,[闽南语唱片行] 唱在嘴边，动情在心尖,106万,云音乐官方歌单
/playlist?id=7662645770,[听·莫文蔚] 慢慢喜欢你，从这首歌起,125万,云音乐官方歌单
/playlist?id=924680166,[华语速爆新歌] thome的专属浪漫属于《YOU》,107621万,网易云音乐
/playlist?id=7662693514,[听·任贤齐] 高歌的人不彷徨,76万,云音乐官方歌单
/playlist?id=7625413468,[写词高手] 中文说唱里的神来之笔,106万,云音乐官方歌单
/playlist?id=5172410111,[流行点唱机] 2010年代华语热播 每日30首,6449万,云音乐官方歌单
/playlist?id=7648200657,[真实说唱派] 让歌里的故事诉说心事,48万,云音乐官方歌单
/playlist?id=7662616715,[听·张杰] 秋天的童话从这里开始,108万,云音乐官方歌单
/playlist?id=5395389058,[台湾新发现] 台语歌后曹雅雯再发专辑以《禁》述欲,207万,云音乐官方歌单
/playlist?id=7662488472,[听·杨千嬅] 最靓的飞女唱给你听,106万,云音乐官方歌单
/playlist?id=7662689703,[听·毛不易] 易语在心头,173万,云音乐官方歌单
/playlist?id=2900343697,[一周影视热歌] 柯佳嬿献唱《想见你》插曲,2495万,云音乐官方歌单
/playlist?id=7681439942,[说唱接力赛] Beat唱Flow合，场子加热有Cypher,29万,云音乐官方歌单
/playlist?id=7649710244,[国风嘻哈] 独步武林 肝胆相照,52万,云音乐官方歌单
/playlist?id=2829883282,[华语私人订制] 最懂你的华语推荐 每日更新35首,152687万,云音乐官方歌单
/playlist?id=7738239494,[CN Drill] 中文钻头节奏，听就完了,27万,云音乐官方歌单
/playlist?id=7561460225,[深夜归路人] 给深夜归家的你留一盏灯,202万,云音乐官方歌单
/playlist?id=7662308881,[听·张惠妹] 一睹千面阿密特,57万,云音乐官方歌单
/playlist?id=7050074027,[阴天快乐] 如果情绪有天气 我陷在阴天里,2142万,云音乐官方歌单
/playlist?id=7706461556,[一人食] 一个人吃饭也要有仪式感,43万,云音乐官方歌单
/playlist?id=7706521452,[浴室歌王] 花洒就是我的麦克风，每天30首任你点唱,128万,云音乐官方歌单
/playlist?id=7572518150,[爱恋银河] 跨越星河来见你,129万,云音乐官方歌单
/playlist?id=7308142944,[浪漫因子] 可以邀请你和我一起去春天吗,564万,云音乐官方歌单
/playlist?id=7694430566,[听·张震岳] 海雅谷慕，山与海之间的歌,59万,云音乐官方歌单
/playlist?id=7720644715,[听·韩红] 用宛如天籁的嗓音治愈你,31万,云音乐官方歌单
/playlist?id=7585780211,[强强联手] 那些一加一大于二的合作,176万,云音乐官方歌单
/playlist?id=7662515525,[听·梁静茹] 情歌告诉你的事,90万,云音乐官方歌单
/playlist?id=7720599200,[听·杨丞琳] Rainie的声音，一滴滴清晰,46万,云音乐官方歌单
/playlist?id=7662651829,[听·陈奕迅] 有请K歌之王,225万,云音乐官方歌单
/playlist?id=7662511571,[听·邓紫棋] 让世界暂停一分钟,147万,云音乐官方歌单
/playlist?id=7810781719,你收藏的歌单上新啦｜跟听,40264,云音乐官方歌单
/playlist?id=6703233707,[华语节奏布鲁斯] 情绪辗转反侧 雾气消散不开,1594万,云音乐官方歌单
/playlist?id=7662656749,[听·潘玮柏] 异想世界，自己主宰,28万,云音乐官方歌单
/playlist?id=7649710244,[国风嘻哈] 独步武林 肝胆相照,52万,云音乐官方歌单
/playlist?id=7746339304,轻柔的中文爵士颇有情调,16099,chelife
/playlist?id=7677879580,解忧民谣 | 将生活的稀碎揉成歌,34万,贝克克y
/playlist?id=7741615787,中文说唱｜节奏中感受潮流,22万,AdeeL丨
/playlist?id=3119148265,冷门古风歌曲心动不过瞬间,21万,珩萧雨溪
/playlist?id=7682209938,民谣 | 勾起你无法诉说的过往,18万,贝克克y
/playlist?id=7772011207,公路之歌 | 越过山丘却无人等候,20815,Bruce梁博
/playlist?id=7675763661,华语民谣：赤诚书写，诗意与烟火,14万,贝克克y
/playlist?id=7752862881,百首民谣: 愿治愈每一个孤独的你,54355,贝克克y
/playlist?id=7745422892,超爱的古风歌单|愿你归来仍是少年,57122,丨不是你的girl
/playlist?id=7677040115,80后｜回味经典老歌，再续当年情,52万,贝克克y
/playlist?id=7809573949,治愈冬至｜眉目舒展，顺祝冬安❄️,37735,蛋壳Maxd
/playlist?id=2721184237,回春丹/告五人/橘子海/花墙/脏手指/新裤子,372万,alasye
/playlist?id=7780052890,诗和远方 | 我把思绪写在民谣里,33929,Bruce梁博
/playlist?id=7734298090,青春纪念 | 90后校园岁月流行歌曲,29万,月亮藏不住的小情绪
/playlist?id=7737341482,【甜蜜说唱】国语情歌说唱，甜蜜暴击,74211,妾久
/playlist?id=7751341793,民谣驿站∶疲惫灵魂的栖息疗愈处,43932,常迷道故
/playlist?id=7794080068,十年最强华语金曲榜 那些年巅经典好听到爆,23万,内啡肽_Fentany丨
/playlist?id=7737156437,GAI周延|梦想不要怕太大,开口就是王炸,48万,网易云音乐
/playlist?id=7693489145,民谣 | 带着吉他前行的诗意人生,69798,贝克克y
/playlist?id=7737528631,【Hip-Hop街区】武装押韵，爆炸预警,57378,妾久
/playlist?id=493976959,古风｜任他凡事清浊，为你一笑间轮回甘堕,76万,理想星野
/playlist?id=7696213578,民谣 | 听懂是人生，不懂是幸运,23543,贝克克y
/playlist?id=7711157469,清吧驻场 | 今天只想安静地聊天,26647,贝克克y
/playlist?id=7693025412,经典怀旧｜染指流年重温70年代情,16万,贝克克y
/playlist?id=7696213694,民谣世界｜寻找内心你我的梦境!,69462,贝克克y
/playlist?id=7747189692,少女心狙击｜嘻哈歌手的犯规情话,20713,0000FF少抽烟
/playlist?id=7749721085,治愈民谣 | 人间烟火，疗慰人心,33623,Bruce梁博
/playlist?id=7799360019,民谣暖调 | 世间心墙，温柔难防,10608,Bruce梁博
/playlist?id=7782376748,伤感说唱 | 隐藏于音乐间的抒情诗人。,14万,妾久
/playlist?id=7482581570,古风 | 一人一首好听的古风曲,64万,月亮藏不住的小情绪
/playlist?id=7800079973,民谣｜不温不火 像是孤独 刚刚好,10750,蛋壳Maxd
/playlist?id=7678095557,上学那些年，我们一起追过的经典影视剧,88万,音乐想象家
/playlist?id=7708843538,颜社版权回归 | 宝岛"嘻哈囝",欢迎加入群聊,42万,网易云音乐
/playlist?id=7720427948,超好听的中文DJ咚鼓版丨保持开心,17978,丨不是你的girl
/playlist?id=7798943844,民谣｜这世界喧闹 我们相遇正好,7352,蛋壳Maxd
/playlist?id=7807039303,华语金曲千禧年前的旋律,42689,chelife
/playlist?id=7734323154,【民谣】听懂是经历，听不懂是幸运,15万,总有一束光等着你
/playlist?id=7795181384,微醺｜爵士迷情•营造浪漫氛围☁️,27907,蛋壳Maxd
/playlist?id=7795052605,冬日限定 | 终与这世界温暖相拥,10545,回忆哆啦没有A梦
/playlist?id=7760885560,戏腔古风｜用我三生烟火 换你一世迷离,5593,月亮藏不住的小情绪
/playlist?id=5082520606,旋律讯号｜寄给你一支乐队活力剂,470万,也半眠
/playlist?id=7725565354,21世纪初的经典华语老歌,24664,chelife
/playlist?id=7455142766,【国内说唱】适合无限循环播放Rap,349万,奋力爬上山巅的山羊
/playlist?id=7729987587,KTV必点的情歌对唱歌单,51928,chelife
/playlist?id=7820841860,冬日邂逅 |积攒了一年的好运，12月全部给你,34951,人间宝藏顶配挖机
/playlist?id=7514800372,古风温柔女声 | 日落归山海 山海藏深意,69万,月亮藏不住的小情绪
/playlist?id=7528643463,私藏民谣丨每一首都触及人心,101万,角港
/playlist?id=7705147920,民谣｜有一种诗 叫莫西子诗,27525,蛋壳Maxd
/playlist?id=7802602350,民谣 I 诗与远方的理想和生活的歌,4698,蛋壳Maxd
/playlist?id=3136179094,华语经典丨不容错过的神级Live现场,2506万,马翊辰
/playlist?id=7732590564,“十七八岁的夏天我现在还能记得”,19023,-孤岛与海_
/playlist?id=7817487971,「国语/0.8X」时间不等人 等你的是我,3955,蛋壳Maxd
/playlist?id=7747349078,分手情歌 | 歌词里的句句都是忘记,22078,四川贫困人口
/playlist?id=7735489633,【伤感说唱】故事仍继续却没有彼此,43万,总有一束光等着你
/playlist?id=7775475086,给过去的自己 | 破茧成蝶,迎风而立,11万,网易云音乐
/playlist?id=7786796028,治愈｜熬过万丈孤独 藏下星辰大海✨,3514,蛋壳Maxd
/playlist?id=7693025382,忧郁烟嗓范｜空气里弥漫着心痛,16975,贝克克y
/playlist?id=7699771069,后来，我把遇到你的瞬间回忆了千万遍,24052,早睡早起丫-
/playlist?id=7846777095,拥抱夜晚｜每个人都在宇宙的温柔怀抱里,22745,四季里的懒睡猫
/playlist?id=7802909971,如果情绪有天气 那我困在雪天里,14547,也半眠
/playlist?id=707094022,「高燃古(国)风」乱世封疆，谁与争王,449万,千藜Mico
/playlist?id=7685284603,华语实力顶流·林俊杰 薛之谦 毛不易 陈奕迅,7541,内啡肽_Fentany丨
/playlist?id=3013188053,『国风』我醉酒看南山，踏破世间天地寒,360万,焦耳-定律
/playlist?id=7509786454,民谣 | 再忆青春 致那美好的曾经,270万,月亮藏不住的小情绪
/playlist?id=7682484021,冬日播放器❥|接收爱的纯真与浪漫✨,13691,蛋壳Maxd
/playlist?id=7792214498,冬日暖阳 | 终与这世界温暖相拥,8201,流动情感贩
/playlist?id=7745645688,日落时分｜你是自己的宇宙 不开心请摇摇头,10万,四季里的懒睡猫
/playlist?id=7802715136,小酌一杯炉火前 白色人间又一年,11851,也半眠
/playlist?id=7681962211,夜晚温柔｜当颗星星 有棱有角还会发光,12万,四季里的懒睡猫
/playlist?id=5062377502,精选/一听就中毒的rap,243万,逃雪天
/playlist?id=7812488839,浪漫冬至｜冬天到了，爱的人也在路上✨,7394,蛋壳Maxd
/playlist?id=7763282511,励志歌单｜心有暖阳 向阳而生 逐光而行,11779,月亮藏不住的小情绪
/playlist?id=7444749580,耳机里的乐队| 3s带你逃离城市喧嚣,124万,夕日向暖
/playlist?id=7769701055,神仙翻唱♡超好听的翻唱宝藏歌曲,5924,Falling_you_babe
/playlist?id=7718906306,夜色渐浓｜落日是一场零成本的治愈方式,63011,四季里的懒睡猫
/playlist?id=7803402543,纯粹美好|《时光音乐会第二季》音频收录,11万,网易云音乐
/playlist?id=7759375305,夜晚时分｜望着同一个月亮 就当我们见面了,90454,四季里的懒睡猫
/playlist?id=7793200337,孤寂之冬｜爱在凌冬的寒风中冰封,6668,蛋壳Maxd
/playlist?id=7703613491,夜晚时分｜夕阳落在你身上 你也会快乐一场,10万,四季里的懒睡猫
/playlist?id=7692088151,夜间时分｜远的从来都不是距离 是爱,15万,四季里的懒睡猫
/playlist?id=7848930171,相信音乐版权回归|唤起心中尚未崩坏的地方,322万,网易云音乐
/playlist?id=7807307387,冬至来临|愿曲暖众心❤愿众有伴,8596,流动情感贩
/playlist?id=7730995864,旅行小时光：心情与秋风一样凉爽,57013,贝克克y
/playlist?id=7766508994,中文跑步歌单｜燃烧我的卡路里,8909,--苏麻离青--
/playlist?id=7793285203,听雪的声音 | 治愈温暖的律动,5912,流动情感贩
/playlist?id=7648185775,华语 | 90后回忆杀 那些经典电影歌曲,45万,月亮藏不住的小情绪
/playlist?id=7737456333,华语流行：满眼醉意，山河皆你,5866,妾久
/playlist?id=7691004377,看向日落｜被晚霞拥抱的那天 我在想你,11万,四季里的懒睡猫
/playlist?id=7747559061,精选古风仙侠剧 忽闻冬风至 似是故人归♡,2846,小颖盼盼
/playlist?id=7840686287,《我们民谣2022》音频|用音乐治愈心灵,53771,网易云音乐
/playlist?id=7580182791,华语 | 00后回忆杀 古风电视剧主题曲,114万,月亮藏不住的小情绪
/playlist?id=7742296271,奔向月亮｜永远迎着光走 阴霾迟早会散去,60604,四季里的懒睡猫
/playlist?id=7222498766,海的那边还是海吗「0.8X / 0.7X」,173万,月亮藏不住的小情绪
/playlist?id=7672462818,【民谣有三 ³】远方很美，不怕天黑,25万,倾天奏梦
/playlist?id=7713282440,治愈华语 | 满目星河，予你温柔,37437,执梦望辰
/playlist?id=97348772,【 人声测试 】柔甜细腻 胆声胆色 清澈通透,101万,马文威
/playlist?id=7654941758,回忆杀|精选电视剧原声ost,41万,Just-7ccc
/playlist?id=7660761729,始于民谣|死于民谣（孤独患者）,26万,Just-7ccc
/playlist?id=7810284814,国韵冬至｜一朝长安雪，半梦醉人间,46912,蛋壳Maxd
/playlist?id=5456835430,“干嘛听苦情歌 以为多浪漫”,196万,张以晨_
/playlist?id=6606027462,失恋日记 | 换不同的场景 但哪里都是你,4591万,四川贫困人口
/playlist?id=7511633319,孤独的时候，听一首安静的民谣吧。,113万,音乐想象家
/playlist?id=7804659850,综艺｜时光音乐会第二季 原曲+live。,14127,袁两半i
/playlist?id=7027484023,目光所至皆是遗憾「0.8X / 0.7X」,40万,月亮藏不住的小情绪
/playlist?id=7708579283,温柔岁月|若梦想有方向,平凡的日子也泛着光,19万,网易云音乐
/playlist?id=2242881912,五十首走心民谣，致我们终将逝去的青春,784万,薛定谔的缝纫机
/playlist?id=7364738069,民谣小酒馆｜路过此间仍是少年,69万,0000FF少抽烟
/playlist?id=7613104556,华语经典 | 听这些歌的90后都长大了,188万,月亮藏不住的小情绪
/playlist?id=83942307,【戏腔专题】伶人入画，一生天涯,3346万,辞雀
/playlist?id=5348346293,爱意随风起却不随风散,1055万,布偶敏
/playlist?id=7397817902,旋律说唱｜好听不腻的hook ,169万,张以晨_
/playlist?id=331785769,【 HiFi发烧和声】测试多重唱二重唱三重唱,27万,马文威
/playlist?id=7809757186,「时光音乐会第二季」LIVE➕原版合辑,7302,云村旅行者UFO
/playlist?id=7507884407,华语R&B｜世界不再贩卖焦虑，开始流行快乐,67万,Bzstrive
/playlist?id=7709601455,顶级试音碟 极致细腻发烧人声Hi-Fi试音,69273,内啡肽_Fentany丨
/playlist?id=6981733687,华華語R&B精选 | Rnb all night,11万,秋chill的首席推歌官
/playlist?id=832595290,『中文rap』诗人般的饶舌中文说唱艺术,832万,肆夏无人
/playlist?id=708924941,攻尽天下（节奏控的古风歌单）,817万,wifi隔壁的蓝牙
/playlist?id=7571357089,甜饼说唱｜超甜的情话只对你说,70万,0000FF少抽烟
/playlist?id=7679377260,夜色渐晚｜就算步伐很小 也要步步前进,10万,四季里的懒睡猫
/playlist?id=7798357069,夜色渐晚｜心里住着小星星 生活才能亮晶晶,57652,四季里的懒睡猫
/playlist?id=7802655111,我这样死板的山 竟会为你哗然,33万,原创君
/playlist?id=6979092422,Live现场 | 超级好听的华语良曲,286万,月亮藏不住的小情绪
/playlist?id=625841693,网易云那些评论过万的古风国风歌曲,868万,是阮阮阿
/playlist?id=7820939935,离别的歌丨把你写在日记最后一页,26万,原创君
/playlist?id=7803468113,看了56次日落，只为了忘记你,29万,原创君
/playlist?id=7802662481,邂逅初冬，纷繁嘻哈礼盒待你亲启,3199,人间宝藏顶配挖机
/playlist?id=2665412746,综艺｜时光音乐会第二季｜致敬经典,45万,小薛鸭鸭
/playlist?id=6592238791,【戏腔古风】初见惊鸿，一眼半生愁,95万,W-沙丁鱼罐头
/playlist?id=7538684824,流行rap×心动旋律的不完全记录,78万,也半眠
/playlist?id=7678492220,民谣 | 如诗如信，与世无争,12万,贝克克y
/playlist?id=7819859222,华语治愈｜跨年的时候说喜欢我好吗,2099,Genight
/playlist?id=7800501390,ᴡɪɴᴛᴇr̤̮°冬至已至，所有美好也会在路上❆,19621,零度光影乄
/playlist?id=2190978686,乐队｜一次有预谋的初次相遇,133万,格林岛屿
/playlist?id=5002914872,独自快乐指南 我们都是气氛人,318万,西柚甜
/playlist?id=2179431622,『国摇』一百支乐队一百种精神信仰,2482万,浮梦沉生
/playlist?id=6976193072,甜系说唱 | 想要跟你爱到一百岁,138万,张以晨_
/playlist?id=7840869863,平安夜歌丨愿你醒来收获满满的爱,19万,原创君
/playlist?id=7745754942,【华语伤感】不闻星河须臾 仍要固执走向你,3164,妾久
/playlist?id=7500403051,浪漫摇滚｜我只想带你去无人海边,42万,回忆哆啦没有A梦
/playlist?id=7751414691,夜色渐晚｜我会永远陪着你 做你的常青树,13万,四季里的懒睡猫
/playlist?id=7783667140,致爱｜着迷于你眼睛，银河有迹可循,8268,蛋壳Maxd
/playlist?id=7699393112,若把你比作歌 • 你便是那高山流水,36万,原创君
/playlist?id=7683993066,我将故事写成民谣歌 献给远方的她,87056,月亮藏不住的小情绪
/playlist?id=2100341581,古风 I 红烛多情化着泪 漫漫长夜摧伊人,728万,YouTube全球音乐
/playlist?id=2874553696,始于脸红 终于眼红,2952万,晚秋月色
/playlist?id=7785090412,我愿是月，为你再一次圆满,21万,原创君
/playlist?id=2818465388,倘若你喜欢民谣 我也刚好有,290万,亲这边建议您不要网恋
/playlist?id=8005316789,夜色温柔｜你未必万丈光芒 但你温暖有光,15576,四季里的懒睡猫
/playlist?id=651304456,朴树、许巍、李健、郑钧、老狼、赵雷、陈粒,3808万,旧时里梦丶
/playlist?id=7250609344,中国好声音2022巅峰之夜 歌曲合集,42万,芳心收集人
/playlist?id=7328366220,极致浪漫 | 让人惊艳的台湾小众乐队精选,59万,回忆哆啦没有A梦
/playlist?id=5474813007,【emo天花板歌曲】,534万,Estrus__K
/playlist?id=6697491422,华语R&B|和喜欢的人一起听歌就有双倍的快乐,125万,暮色来迟
/playlist?id=7503418962,一路向北｜永远年轻 永远热泪盈眶,32万,月亮藏不住的小情绪
/playlist?id=7337637766,华语 | 90后回忆杀 好听却不知道歌名,253万,月亮藏不住的小情绪
/playlist?id=2335673654,隔壁老樊/枯木逢春/解忧邵帅/尚士达/颜人中,8859万,小攀哟
/playlist?id=7790673075,冬恋❥你的温柔•寒冬中永恒的暖阳,1682,蛋壳Maxd
/playlist?id=7582016799,“平凡的民谣”你也是我眼里的光✰,32万,蛋壳Maxd
/playlist?id=7487801013,古风 | 花有重开日 人无再少年,27万,月亮藏不住的小情绪
/playlist?id=7754887173,画面感超强♡闭上眼会有属于你的MV,32万,原创君
/playlist?id=7723237894,华语经典电视剧主题曲集,9567,chelife
/playlist?id=7722820715,华语无前奏 | 至纯清音，人间救赎,402,Bruce梁博
/playlist?id=5338700800,一个双子座的听歌列表,2886万,四川贫困人口
/playlist?id=7652176411,终于找到红遍大街小巷的民谣歌曲了,38万,月亮藏不住的小情绪
/playlist?id=2988656185,说唱｜意难平终将和解,157万,情感文字君
/playlist?id=7820909895,艾福杰尼版权回归云村|经典说唱作品合辑,11万,原创君
/playlist?id=6742623107,约会在星期天晚上 氛围感拉满,292万,西柚甜
/playlist?id=7339915114,民谣｜不负春光，持续野蛮生长,178万,贝克克y
/playlist?id=7561470247,『忏悔录』emo走心励志旋律情歌中文说唱,106万,芳心收集人
/playlist?id=7751100683,民谣有三样： 爱情，理想，远方。,17447,常迷道故
/playlist?id=2391091037,【古风】听一遍绝对不会后悔的好听古风歌单,227万,是你的顾柒柒_cc
/playlist?id=7482946604,古风国韵：那些惊艳时光的诗词歌赋,14万,蛋壳Maxd
/playlist?id=737417187,「古风」人间有味是清欢 未妨惆怅是清狂,1035万,mayuko然
/playlist?id=7552475848,民谣小酒馆 当孤独成为习惯,96万,月亮藏不住的小情绪
/playlist?id=6783412642,情歌300首｜总有一首情歌让你心酸,1599万,这条平凡的狗_QwQ
/playlist?id=131149308,华语‖一听就忍不住想哭的歌①,4099万,--苏麻离青--
/playlist?id=7712312868,无暇不出°最好的歌只想给最爱的你~,16万,原创君
/playlist?id=7853984107,民谣与诗|生活不止眼前苟且还有诗和远方,460,Just-7ccc
/playlist?id=2163517726,熬夜和想你，我都该戒掉了,4871万,YouTube全球音乐
/playlist?id=7517714979,热歌集 | 乐观和爱才是生活的解药,120万,贝克克y
/playlist?id=7512926734,民谣 | 哪一首陪伴你度过失眠的夜晚,109万,月亮藏不住的小情绪
/playlist?id=7296907847,超好听的降速歌曲,335万,月亮藏不住的小情绪
/playlist?id=2733578777,精选优质翻唱丨宝藏Cover合集,3546万,喜-歡-都-給-你
/playlist?id=7835219345,新年快乐！2023新年必备歌单,460,I-Avid
/playlist?id=393255681,那些歌词里的欲言又止。,744万,404_NotFound__
/playlist?id=7757038280,2022超好听的爆火歌曲推荐(持更) ,5899,丶精神领袖V
/playlist?id=7315565712,独享时光 | 独处是一个人的清欢,275万,贝克克y
/playlist?id=7582586641,别急甜甜的恋爱马上就轮到你了,80万,芳心收集人
/playlist?id=7527368669,滚石唱片 | 洒脱与奔放,是伍佰给的救赎,83万,网易云音乐
/playlist?id=2139324915,歌词唱透了心声，回忆模糊了眼眸,6851万,YouTube全球音乐
/playlist?id=7718623328,贵州音乐：民歌／乐队／说唱/2022总汇,5819,星空悟羽
/playlist?id=7795480292,冬至渐暖•待到春梅开 冰雪也清心✨,5664,蛋壳Maxd
/playlist?id=7560052594,华语经典老歌 |百听不厌系列 ,170万,沈星辰co
/playlist?id=314869829,吴侬软语 江南小调（苏州话上海话）,152万,Paullily
/playlist?id=2238685626,银临古风歌曲精选收录,24万,珩萧雨溪
/playlist?id=7746872010,那些年听过最温情动听的歌,1939,阿泽要开心_
/playlist?id=7747636751,很遗憾，有些人相识相知又归零,952,贝克克y
/playlist?id=7651196084,说唱派对 | emo走心励志伤感旋律中文说唱,51万,芳心收集人
/playlist?id=2858470213,雨会停雾会散总要跟过去说再见l温柔男声,2263万,逃雪天
/playlist?id=7655117109,【失恋中】爱上你是一个错,514万,四川贫困人口
/playlist?id=7703166056,10W热评好听的华语经典,24405,chelife
/playlist?id=7692672950,暮色正浓｜想你时 音乐与气味都是时光机,27823,四季里的懒睡猫
/playlist?id=7686762264,冬天很冷 你的心也是『中文/0.8x』,94万,对爱的执念从不是海
/playlist?id=5067236189,刘森 华北浪革 无边界音乐,24万,偷偷的叹了口气
/playlist?id=2398013157,【单曲循环】女生一定要听的甜甜的歌,1758万,是你的顾柒柒_cc
/playlist?id=6773033546,摇滚夏日颂°｜少年心气，无畏青春,784万,十三逆旅Cobain
/playlist?id=7481082325,华语超好听的古风合集 （精选更新）,38万,陈穆泽
/playlist?id=7358289262,华语经典｜怀旧音乐时光机,282万,0000FF少抽烟
/playlist?id=2747778624,好听到单曲循环哟,3089万,小攀哟
/playlist?id=7766768378,诠释摇滚 | 放肆宣泄这该死的青春,2145,Bruce梁博
/playlist?id=2735997566,浪漫摇滚｜康姆士，落日飞车，告五人，棱镜,595万,隐匿于蓝
/playlist?id=7839397127,旅行丨曾梦想仗剑走天涯，看一看世界的繁华,939,音乐想象家
/playlist?id=2230318386,予你情诗百首，余生你是我的所有,6367万,YouTube全球音乐
/playlist?id=6988887522,深夜歌单 | 凌晨三点的心碎时刻,3971万,四川贫困人口
/playlist?id=6636744817,乐队独白 | 没有人是一座孤岛,66万,尘埃之海
/playlist?id=7285882401,还想复合吗说实话「0.8X / 0.7X」,31万,月亮藏不住的小情绪
/playlist?id=7737874723,那个年代的摇滚繁华似锦,3417,chelife
/playlist?id=7630283942,100首经典华语电影主题曲,28万,chelife
/playlist?id=7768571977,又是一年冬来临丨你相信重逢吗？,23万,原创君
/playlist?id=7813333079,休闲冬至｜雪天是神仙撒下的祝福,506,蛋壳Maxd
/playlist?id=6961291866,【乐队band】浪漫和热情终生不弃,79万,稥澍
/playlist?id=2358952700,民谣轻摇 旅途驰放！公路旅行越野自驾游,32万,高原乌鸦
/playlist?id=7740884275,生活就是我拔出耳机的喧嚣,23万,原创君
/playlist?id=7437374315,浪漫主义 | 云雾消散之际 我爱你人尽皆知,50万,月亮藏不住的小情绪
/playlist?id=7766732761,民谣是一种述说（民谣歌单）,1124,李平阿
/playlist?id=2748205282,隔壁老樊 解忧邵帅 枯木逢春,1494万,Just-7ccc
/playlist?id=7444078568,绝世古风‖三生有幸遇见你，纵然悲凉也是情,91097,是散落的月亮a
/playlist?id=7686919232,此刻年少丨乃万NINEONE赵馨玥,21万,芳心收集人
/playlist?id=7622515496,【华语民谣】人在路上，心在远方,124万,倾天奏梦
/playlist?id=7747374465,单曲循环 | 响彻耳畔的流行旋律,216万,四川贫困人口
/playlist?id=7696663085,国风戏腔：台下无故人，陈词唱悲观,86016,执剑稳
/playlist?id=7801963998,失语者：我们总在爱情里死不悔改,14130,Bruce梁博
/playlist?id=7286654413,『入耳即醉』BGM加持，作业都不叫事儿~,408万,原创君
/playlist?id=7839834044,「Hip-hop研究所」高街必备元素 skr！,1535,李嘉笙
/playlist?id=7710799658,个人向 • 好听的华语歌曲,4114,月亮藏不住的小情绪
/playlist?id=7780421184,华语pop｜每一首优秀的作品都值得传唱,943,蛋壳Maxd
/playlist?id=7821765195,『冬日专属』夜阑吹烟，星光入酒,57412,Karollkk7
/playlist?id=7837520869,单曲循环：传遍大街小巷的新潮风,221,总有一束光等着你
/playlist?id=7643985311,青春如歌 | 看破世间繁华 唱尽世间人生百态,35万,月亮藏不住的小情绪
/playlist?id=7677450766,情绪系小众歌单,10519,小叶子的叶团儿
/playlist?id=7654967396,嘻哈说唱|搭乘嘻哈飞船 坠入浪漫的虚无主义,70999,Just-7ccc
/playlist?id=635903110,一个天蝎座的听歌列表,7719万,欢欢酱-
/playlist?id=379915507,【古风】不会让你后悔的实力好听的古风歌单,1477万,君墨千刃丶
/playlist?id=7833058392,2022年度22位瞩目音乐人,15万,原创君
/playlist?id=3238497407,低旋律 | 无人问津的巷口总是开满鲜花,334万,倒霉小小羊
/playlist?id=7746111683,“该不是这场雨 一直都没停”,796,是阮阮阿
/playlist?id=7735492894,90后｜承载着青春回忆的歌曲,33万,总有一束光等着你
/playlist?id=7659896344,失恋日记｜您拨打电话正在通话中,234万,四川贫困人口
/playlist?id=7601673633,破防情歌集 | 我想你也会流泪,418万,四川贫困人口
/playlist?id=7357742406,放学路上必听｜温柔如风的说唱,30万,0000FF少抽烟
/playlist?id=7767457880,忘记原唱｜这都是什么神仙翻唱,43199,总有一束光等着你
/playlist?id=7710760074,0.8×慢速降调 emo慢放更显深刻,2783,晚秋月色
/playlist?id=5294089400,华语爵士 | 写在秋日晚风里的慵懒情绪,47万,后现代养猪专业户
/playlist?id=7360197193,华语 | 我试着把孤独藏进耳机 用回忆代替,92万,月亮藏不住的小情绪
/playlist?id=7824902252,华语流行民谣：诗，情话，茶酒伴,893,oiRrrl_7
/playlist?id=1982862039,『李健』原唱歌单.贝加尔湖畔.我是歌手,321万,海峡好歌单
/playlist?id=2477863140,那些好听到爆炸的说唱啊,688万,我没有熬夜
/playlist?id=7117252775,国语经典 | 岁月是神偷偷走最宝贵的记忆,294万,贝克克y
/playlist?id=7741316179,伤感华语｜连歌词都能写到一个人的心里,5233,AdeeL丨
/playlist?id=7837594336,十年经典｜品时光沉淀 香醉千年人间,569,蛋壳Maxd
/playlist?id=7301722080,华语 | 一人一首成名曲 哪一首才是你的最爱,374万,月亮藏不住的小情绪
/playlist?id=7532350230,滚石唱片 | 江湖往事回忆录,49万,网易云音乐
/playlist?id=5234308143,海不会等风 风也不会留恋海,209万,逃雪天
/playlist?id=7536680005,民谣丨我走遍大街小巷无人如你,37万,月亮藏不住的小情绪
/playlist?id=7483909972,古风 | 白茶清欢无别事 我在等风也等你,16万,月亮藏不住的小情绪
/playlist?id=7674822732,民谣/故事，现实、理想、姑娘、诗和远方。,28080,Last_fifty
/playlist?id=7660130034,一个天蝎座的宝藏曲库,532万,四川贫困人口
/playlist?id=7650281612,致90后，我们曾在KTV唱过的老歌,41万,回忆哆啦没有A梦
/playlist?id=7338134839,【电子音乐】是你给我铺垫的未来,61万,邱小白Time
/playlist?id=2258837745,精致Rap说唱 |以后找个人陪你来唱,882万,夕日向暖
/playlist?id=7527131664,滚石唱片 | 青涩岁月里的五月天,33万,网易云音乐
/playlist?id=3209683279,“网易云伤感音乐”,882万,top1小零
/playlist?id=5440545862,明明就不喜欢牵手 为何却主动把手勾,668万,逃雪天
/playlist?id=2611049812,民谣 |岁月缱绻时光，愿你依旧从前模样,822万,夕日向暖
/playlist?id=465084162,遥古国风吹『悠悠岁月』,19万,澄子的妄
/playlist?id=7124386082,中文降调「0.8X / 0.7X」,528万,秋刀魚是什麽鱼
/playlist?id=3175331452,有没有一首歌对你来说意义非凡,388万,音樂又不是你的全部
/playlist?id=7505247922,2022下半年音乐榜单,482万,芳心收集人
/playlist?id=7642576323,【戏腔三百首】好听到耳朵怀孕的戏腔古风,53910,执剑稳
/playlist?id=7443669573,说唱诗人｜向下扎根 向上生长,61万,Bzstrive
/playlist?id=2779796218,这些歌设置过单曲循环,3427万,情感文字君
/playlist?id=2314050294,宝藏男声∣能和你牵手吹晚风嘛,1292万,格林岛屿
/playlist?id=2646016651,温柔男嗓哄你入睡,1312万,Kmeowai
/playlist?id=5026569198,旋律说唱Rap | 那些你很冒险的梦,951万,四川贫困人口
/playlist?id=2280640455,华语民谣｜民谣女声，惊艳透彻声线,63万,借風擁妳
/playlist?id=7498864383,华语 | 90后回忆杀 经典电视剧主题曲,787万,月亮藏不住的小情绪
/playlist?id=7524847126,古风｜阅尽好花千万树 愿君记取此一枝,11万,月亮藏不住的小情绪
/playlist?id=161252962,梦也缓缓·精选百首古风,766万,公子无央
/playlist?id=7093787457,国内独立乐队 | 独特浪漫调味剂,55万,贝克克y
/playlist?id=7766852316,民谣集：20岁时变成了一个用故事下酒的人,7919,陌森喵
/playlist?id=5357562924,古风 | 青山本不老 为雪白了头,129万,叶默远
/playlist?id=2301753292,这些往事连起来，是我暗恋你多年的秘密,2216万,YouTube全球音乐
/playlist?id=7752129238,国内乐队｜乐队就是浪漫本身,561,COOLIN1217
/playlist?id=7526633538,给你的专属小众歌曲,23万,欧阳北北i_星禾
/playlist?id=3006398457,那个说爱你一辈子的人 现在还在你身边吗,12172万,YouTube全球音乐
/playlist?id=7688729950,上DJ |土到极致就是潮 |So 今天你土嗨了吗,33406,沈星辰co
/playlist?id=814839177,rapper说情话 今晚也想跟你,1450万,决劣
/playlist?id=5223155380,九级的网易云不会为了你而注销,340万,inines_un
/playlist?id=7459082372,治愈的风｜即使一个人, 也请好好生活,508万,Bzstrive
/playlist?id=7430064260,KTV热歌，九零后麦霸点唱指南,355万,陈穆泽
/playlist?id=7557119451,经典 | 忘记的歌名记住的高潮,203万,贝克克y
/playlist?id=7604932123,综艺《超感星电音》音频 | 万物皆可触电,82369,网易云音乐
/playlist?id=3029427063,邓丽君金曲精选集【SQ无损、复黑王…音质】,181万,阿成180203
/playlist?id=7699415090,华语民谣：日落跌入昭昭星野，,71077,心动Z
/playlist?id=7536524888,民谣 | 人生就是一场漫长的告别,12万,月亮藏不住的小情绪
/playlist?id=7572863604,《2022中国好声音》 | 用音乐见证蜕变,19万,网易云音乐
/playlist?id=7503503937,浪漫摇滚 | 独立音乐的终极浪漫美学,33万,Emo重症患者
/playlist?id=6586558300,听歌发呆：也许有种孤独叫放空吧,1154万,钟泽希
/playlist?id=7514752540,许巍版权回归 | 只有音乐和爱,才能带来感动,57万,网易云音乐
/playlist?id=7766808814,「华语精选」那些年你单曲循环过的旋律,34909,陌森喵
/playlist?id=2026321566,少年，这是你向往的江湖吗？,92万,隐匿于蓝
/playlist?id=7551260264,KTV女生必点歌曲【中低音】,37万,做他手心里的宝
/playlist?id=7625139112,『8090时光』那些年传唱大街小巷的歌,18万,W-沙丁鱼罐头
/playlist?id=7493793033,浪漫的定义：手里拿着玫瑰去见你,49万,遇见-Music
/playlist?id=7535258574,民谣｜如果当时的我们能少一些固执,37万,月亮藏不住的小情绪
/playlist?id=7848688388,华语治愈｜愿音乐带给你世间温暖,301,Alim_Official
/playlist?id=7755269138,冬日治愈｜搓搓手又要一个人过冬天啦,24656,Bzstrive
/playlist?id=7638960991,城南烟火·小城故事氤氲民谣气息,40万,贝克克y
/playlist?id=2834027258,rapper说情话/超甜情歌想和你坠入爱河,334万,是你的顾柒柒_cc
/playlist?id=739071258,民谣与诗 I 晴空与海潮交织的韵和乐章,1063万,YouTube全球音乐
/playlist?id=7392757738,现代人的浪漫从交换歌单开始,116万,原创君
/playlist?id=881427657,「旋律控」超好听的女声集鸭！,5426万,HUMAN00
/playlist?id=7569767313,2023网络爆火流行歌曲推荐（持续更新）,56万,芳心收集人
/playlist?id=6663127496,想见你｜喜欢的人也喜欢你的几率有多少,74万,陈笑一Joylyn
/playlist?id=2729966026,趁时光还未老，去见你想见的人吧,1839万,YouTube全球音乐
/playlist?id=7429946940,总会有一段你的回忆,60万,你的宗达小朋友
/playlist?id=7536914832,古风 | 缘若尽来生 愿守花枝度年岁,56946,月亮藏不住的小情绪
/playlist?id=7769875265,逃跑计划｜世界喧嚣 我很好 日子也很好 ♫,4958,是清澄阿
/playlist?id=2181195918,Hip Hop | 温柔的夜里，你是我最后的甜蜜,421万,薛定谔的缝纫机
/playlist?id=7511186926,华语丨每一首歌 都在叙述一段故事,39万,月亮藏不住的小情绪
/playlist?id=2220126321,说唱｜走心节奏爆炸好听的hiphop,530万,雾与晨的杂货店
/playlist?id=2945811336,是雾的话迟早会散.,1055万,_-爱在日出前
/playlist?id=7674002723,8090年代港台经典老歌,11万,chelife
/playlist?id=3210058086,会偶尔想我吗,621万,旧林xt
/playlist?id=7490891545,民谣 | 孤独是人生的特别风景,54万,月亮藏不住的小情绪
/playlist?id=2217610700,［戏腔］戏子多秋 可怜一处情深旧,4409万,一许桃花醉如烟
/playlist?id=7526633843,民谣 | 每一首民谣 都在诉说一段故事,74216,月亮藏不住的小情绪
/playlist?id=7512156787,2023网络爆火流行歌曲推荐（更新快）,92万,芳心收集人
/playlist?id=7042945337,『浪漫rap』队长/刘思达/JonyJ/是告白的歌,142万,肆玖音乐
/playlist?id=2191478255,边哭边摇情感DJ大碟,484万,菠萝战宝不吃菠萝
/playlist?id=3159922485,今天的风超甜，因为是从你的方向吹来,1252万,四季里的懒睡猫
/playlist?id=6791400164,华语回忆杀｜经典永不过时,983万,这条平凡的狗_QwQ
/playlist?id=7791280510,国风新潮贺岁｜共庆新年笑语哗,4566,青梅竹马的志田黑羽酱
/playlist?id=7739210095,时光印记 予你一张80年代老唱片,82,YouTube全球音乐
/playlist?id=2972636860,精选｜那些超好听循环歌曲,1502万,RJH国荣
/playlist?id=7847963866,华语伤感｜藏在深处的无声痛苦,76,Alim_Official
/playlist?id=7501825334,别慌别慌，太阳落了有月光●°,51万,原创君
/playlist?id=2796008838,成为遗憾的话 是不是会记得很久,1105万,愿深爱如长风
/playlist?id=7421729394,♥这些歌一下戳到我的心呃…心巴,340万,原创君
/playlist?id=7806980580,冬至你未至 | 那就让爱意温柔整个冬日吧,2010,望雨-鱼
/playlist?id=7747351001,失恋救赎 | 有些人教会了我们成长,572,四川贫困人口
/playlist?id=2363496065,【古风柔情】古风•治愈,86万,可爱敏ovo
/playlist?id=2332465328,古风精选：难忘你倾世容颜,2316万,小攀哟
/playlist?id=7527065825,『古风燃』一身转战三千里，一剑曾当百万师,20万,贴一角夕阳
/playlist?id=2502620711,单点听播 凌晨十二点的歌单,2257万,陈先生的轨迹
/playlist?id=919620061,你总要一个人，经历些难捱的日子。,4296万,mayuko然
/playlist?id=129627424,如果你想听民谣，可以从这些歌曲开始。,5853万,完美的灵魂
/playlist?id=7848703219,华语治愈女声｜温暖你的内心,96,Alim_Official
/playlist?id=112540048,听歌啊，有时候需要一些缘分,81万,亲爱的猫哭
/playlist?id=6641728258,新浪漫主义|让女生一秒心动的说唱甜诗 持更,88万,曌懿卓轩
/playlist?id=7511917649,追忆青春丨曾经MP3里听过的流行歌,32万,月亮藏不住的小情绪
/playlist?id=7659734915,说唱情歌｜最怕Rapper说情话,10万,这条平凡的狗_QwQ
/playlist?id=7749327201,疲惫青年听歌集 | 忧伤与孤独对话,760,Bruce梁博
/playlist?id=7013232916,超好听的温柔女声,104万,月亮藏不住的小情绪
/playlist?id=7712606940,耳机输氧管丨音乐就是我救赎的光,52万,原创君
/playlist?id=602185113,西域天国名歌 - 放飞自我 感受天边,91万,海峡好歌单
/playlist?id=6733209548,我要你的光芒，来点亮我内心的诗意,1300万,summermidnights
/playlist?id=7679748056,给我一个理由忘记「0.8X / 0.7X」降调慢速,8272,月亮藏不住的小情绪
/playlist?id=7578477306,民谣 | 我把思念告诉了海 唯独没有告诉你,31万,月亮藏不住的小情绪
/playlist?id=7740729030,奇怪又上头丨快来交流你的独特品味,28万,原创君
/playlist?id=906617738,甜甜的歌单 | 你是心动的具象化,1726万,Karollkk7
/playlist?id=2649253863,好好生活 慢慢相遇,496万,一口五个布丁
/playlist?id=7727328262,深秋的秘密｜冬季的思念,9449,所念節星河
/playlist?id=7513101413,落日飞车 | 今天晚霞很温柔风也醉人,32万,月亮藏不住的小情绪
/playlist?id=2091484707,听说把糖放在枕头底下会做一个甜甜的梦,2680万,我不是菜菜呀w
/playlist?id=7662467524,互不打扰各自安好「0.8X / 0.7X」降调慢速,51205,月亮藏不住的小情绪
/playlist?id=2513714981,请你一定不要停下来 成为你想成为的人,6529万,她的水彩笔
/playlist?id=7808832586,敬送冬绥·冬至已至 春归有期,11612,雾岛与歌
/playlist?id=2430524968,别急，甜甜的恋爱马上就轮到你了,7142万,名侦探-柯北
/playlist?id=7827586826,薛之谦：我的心愿是世界和平,85,总有一束光等着你
/playlist?id=7685982746,华语CD馆，唤醒从前你的亿点点回忆,12万,陈穆泽
/playlist?id=7679785638,暗恋心事丨过季的爱只剩酸涩,15万,原创君
/playlist?id=2507148217,日落归山海 山海藏深意,2652万,ki牙牙乐
/playlist?id=7718306334,古风国潮企画◎人生天地间，忽如远行客,1086,蛋壳Maxd
/playlist?id=7664691667,古风|超燃古风 驰骋疆场·一剑破万法♢,15万,沈嘉樹_
/playlist?id=2286462653,治愈系｜想安静下来听的歌,257万,云朵西柚
/playlist?id=7616973438,2023网易云评论10w+歌曲分享,1722万,-_Rech
/playlist?id=113628993,【民谣】民谣是毒也是药,1511万,零下Young
/playlist?id=7113336957,提醒！甜度+100%，甜妹请注意查收~,352万,浩瑄Acme
/playlist?id=422120471,【古风致郁向】浮生一场梦，人间几度秋,366万,-Abysm-
/playlist?id=6647091536,那些好听的女生翻唱,450万,季节限定圣诞树
/playlist?id=2971945369,爱情就像一场大病，过了，就好。,674万,傻傻傻傻傻了
/playlist?id=2831507776,虐到骨子里的歌词 你能坚持听完几首？,1800万,YouTube全球音乐
/playlist?id=7421507564,「精选」0.8x0.7x降调慢速神仙合集。,89万,还是挺难过的
/playlist?id=2128858806,再听这些歌时你已热泪盈眶，你曾是少年,1582万,还你一个夏天
/playlist?id=646914244,民谣向｜盘点那些直击心灵的痴心歌词,176万,薛定谔的缝纫机
/playlist?id=706469943,现在的感情都暧昧，我们都是爱情的胆小鬼,1474万,钟泽希
/playlist?id=5166118187,100首90年代经典老歌,980万,chelife
/playlist?id=7537414134,浪漫限定 ♡ 和喜欢的人一起吹吹海风去吧,24万,月亮藏不住的小情绪
/playlist?id=7795071646,经典情歌｜这些歌曲听哭过无数人,40万,番茄打蛋鸡
/playlist?id=7484342718,孙燕姿 莫文蔚 梁静茹 戴佩妮 王心凌 ♫,117万,是清澄阿
/playlist?id=2034511877,一曲戏腔，歌颂冷暖,67万,乐天不乐Finley
/playlist?id=7733884641,做什么春秋大梦，该做冬梦了,5005,Karollkk7
/playlist?id=989088517,房东的猫 没有太多烦恼,198万,Sachie-Fang
/playlist?id=7508045616,华语 | 一句老歌词 勾起你无数回忆,74万,月亮藏不住的小情绪
/playlist?id=7551718646,民谣 | 多想问问自己啊 是否你也该忘了吧,42万,月亮藏不住的小情绪
/playlist?id=6997041129,人这一生，最怕突然听懂了一首歌,162万,月亮藏不住的小情绪
/playlist?id=2849012407,我猜你一定有个爱而不得的人吧,1581万,四季里的懒睡猫
/playlist?id=3000016919,【中文流行歌曲】好听到单曲循环（已排,430万,xsynyn
/playlist?id=2931036465,2023网络爆火流行歌曲推荐（更新快）,32716,芳心收集人
/playlist?id=2179646633,100个悲伤的瞬间，有没有你的心酸？,4921万,YouTube全球音乐
/playlist?id=2927274456,flow好听到爆燃到爆的说唱,235万,liuziyi102333
/playlist?id=5151027000,仲夏夜之梦 迷幻浪漫派对计划,290万,西柚甜
/playlist?id=7785248257,“爱是细节，不爱也是”,27万,原创君
/playlist?id=7358960527,走心说唱｜信仰是人生指南针,11万,0000FF少抽烟
/playlist?id=7757292119,[民谣歌单]若是心怀旧梦 就别再无疾而终,1897,我也不知道起个名字太难搞了
/playlist?id=5377732878,不出意外 这辈子再也见不到你了,2858万,陈渝Ya
/playlist?id=5122271188,开头总是美好，结局满是遗憾.,244万,为了再次遇见你
/playlist?id=6939136994,独立乐队 浪漫青年旅社二三事,52679,Ada冉小冉
/playlist?id=7429668251,乐队的移动城堡｜心之所向 用浪漫回击烦琐,80万,雾月情书
/playlist?id=7828972042,冬眠计划｜沉睡在音乐里躲避寒冬,14万,硬地原创音乐榜
/playlist?id=508149859,活的很怂 听了很是心疼,735万,杠上三七分丿
/playlist?id=5431884879,一份甜甜的歌单 | 别emo啦 听点甜甜的歌吧,359万,Karollkk7
/playlist?id=2671199872,民谣精选300首【告慰理想敬向往远方的狼】,73万,ZMR-张小瑞
/playlist?id=6987365968,后来就算再喜欢 可再也不主动了,87万,月亮藏不住的小情绪
/playlist?id=7726134900,双手合十的愿望里永远有你,19万,原创君
/playlist?id=759018187,｜酒馆-民谣｜一支烟、一杯酒,12万,柚uze
/playlist?id=2375582036,落俗不可避免，浪漫至死不渝,1836万,ki牙牙乐
/playlist?id=7417680971,【民谣】风吹可皱 落叶无声,78555,空心釉-2023好运连连
/playlist?id=5461469407,古风 | 写尽千山，落笔皆是你,608万,虚空第一美少女
/playlist?id=3061793121,世间温柔皆遗憾,4979万,窥尽人间遗憾
/playlist?id=5241794244,“我该拿什么留住你呢”,241万,雾起爱意消失
/playlist?id=4972444825,超好听的翻唱合集 | 这都是什么神仙翻唱,833万,是你的顾柒柒_cc
/playlist?id=7532064679,滚石唱片 | mp3中神仙打架的千禧年代,185万,网易云音乐
/playlist?id=484882742,华语优质女声 藏在卡带里的旧时光,631万,YouTube全球音乐
/playlist?id=2647184445,民谣丨有一种不安分长在骨子里 流在血液里,605万,原创君
/playlist?id=919939187,想开家茶馆，放首民谣给从前,1315万,螚安Vivienne
/playlist?id=2560753628,好听到可以单曲循环哦~,6235万,a丶安逸
/playlist?id=7726255752,心跳失重丨我的爱碎在了太空中,22万,原创君
/playlist?id=2724970848,『古风』一听就爱上的古韵〖汉服出行必备〗,31万,莺时三月雨
/playlist?id=7532067678,滚石唱片 | 传统唱片带来90年代的辉煌乐坛,281万,网易云音乐
/playlist?id=7649878729,治愈温柔 | 一个人也有在好好生活,71768,芳心收集人
/playlist?id=7848728113,冬季恋歌｜天冷了让耳机里暖暖的,78,Alim_Official
/playlist?id=7344808748,经典歌曲100首 | 追忆似水年华,165万,贝克克y
/playlist?id=7757491216,我喜欢你。何为喜欢？脸红，心跳，满心欢喜,2991,执剑稳
/playlist?id=7795841351,网络伤感情歌｜等风等雨不如等你,13万,番茄打蛋鸡
/playlist?id=2032617461,好听却记不起歌名的歌,369万,有品味的真知棒
/playlist?id=5230089726,单曲循环的热歌,1213万,麋鹿诞
/playlist?id=7599650056,怀旧经典｜重拾记忆里的流金岁月,60万,贝克克y
/playlist?id=7817156296,♪偶然，飘过耳边的中文歌！⑤,860,Leo尘一
/playlist?id=2556878438,学生时代歌词本，书写青春岁月,961万,YouTube全球音乐
/playlist?id=7430591324,KTV必点歌曲女生丨麦霸歌单,10万,林等等丶
/playlist?id=7656919107,华语精选 | 那些超好听的流行热歌,219万,四川贫困人口
/playlist?id=6862446450,张宇 | 经典一代情歌代表,150万,云音乐VIP
/playlist?id=2750726034,超好听的热歌分享,1692万,小攀哟
/playlist?id=5164436150,《我们民谣2022》大合集,12万,Karollkk7
/playlist?id=2167679218,『武侠梦』我应在江湖悠悠，饮一壶浊酒,1186万,江湖濯濯
/playlist?id=556707112,古风‖袅袅古音 情牵于心 丝丝如醉,170万,Fullmoon_满月
/playlist?id=5461210089,爆款收割机！好听到单曲循环的热歌,627万,YouTube全球音乐
/playlist?id=7628743917,揉碎星河丨月光之下皆旧梦,32万,原创君
/playlist?id=2906935247,适合随机播放的歌单,533万,别忘记开心喔
/playlist?id=697002615,直播的所有歌单,34万,虎牙冬尔
/playlist?id=7656947408,秋日浪漫 | 散落人间的温柔旋律,12万,四川贫困人口
/playlist?id=2387360610,『旋律控』超好听的宝藏女声呀,222万,HUMAN00
/playlist?id=7546395752,民谣 | 许多人来来去去 相聚又别离,22万,月亮藏不住的小情绪
/playlist?id=5349200976,华语伤感丨一个人一首歌不同的故事,614万,四川贫困人口
/playlist?id=6593961746,节奏起飞丨坐上我的跑车感受推背,593万,原创君
/playlist?id=6606722031,一个双鱼座的听歌列表,666万,四川贫困人口
/playlist?id=2728887543,不愿再做曲中人 奈何越听越沉沦,1328万,YouTube全球音乐
/playlist?id=7670109973,暖愈民谣 • 净化心灵的旋律,38504,贝克克y
/playlist?id=7526652498,治愈民谣走进你的心里,69160,欧阳北北i_星禾
/playlist?id=330121508,李健 · 许巍 · 朴树 · 汪峰 〈五行缺钧〉,266万,橘子树风车
/playlist?id=7649670736,「民谣」这一生是关于你的风景,41801,嘿-Tedua
/playlist?id=5323797257,精选 | 超好听的女声,143万,小黑豪吖
/playlist?id=2701448439,中文说唱⭕众口难调,125万,LXX_Menoh
/playlist?id=7004924078,很遗憾吧，这辈子再也见不到你了,73万,月亮藏不住的小情绪
/playlist?id=412354153,【戏腔向】本是听书人，奈何入戏深,175万,陈年萝卜干子
/playlist?id=6585002816,重温经典｜青春的记忆在时光中沉淀,189万,韩知心i
/playlist?id=2277650217,好听到爆的翻唱系列（持续更新）,2079万,唱唱不快樂-新年加油鸭
/playlist?id=366271648,80、90怀旧经典老歌,1314万,music丶柳
/playlist?id=7701932667,浪漫的灵魂从不向平淡的日子低头,11万,螚安Vivienne
/playlist?id=2800505120,治愈华语：遇见不容易，且行且珍惜,428万,小攀哟
/playlist?id=7570092234,摇滚之夏｜音乐响起，我和玫瑰一起被点燃,26万,雾月情书
/playlist?id=7589796446,「0.8×」慢调的浪漫与矢志不渝的真诚,76万,小韧要努力
/playlist?id=2816423152,你是可爱的小朋友 值得遇到最好的人,1293万,mayuko然
/playlist?id=2339332957,甜味Rap/轻轻吧唧你一口,939万,_Jale
/playlist?id=7516833334,听民谣的人 藏着多少故事,42万,月亮藏不住的小情绪
/playlist?id=5320325908,深夜emo歌单「孤独」「伤感」「心碎」,4907万,四川贫困人口
/playlist?id=6887509801,2023网络超好听流行歌曲推荐(更新快),578万,哥哥要喝排骨汤吗
/playlist?id=2423939332,旋律说唱丨循环系列,2330万,Selected音乐
/playlist?id=7834547108,徐秉龙｜沈以诚｜余佳运｜焦迈奇｜郭顶｜,515,Just-7ccc
/playlist?id=7839923385,新春流行｜心中有诗意，处处皆清欢,98,蛋壳Maxd
/playlist?id=7644015610,姜云升 | 舞台上的流量Rapper,38万,芳心收集人
/playlist?id=5075754956,单曲循环｜那些年的经典回忆,749万,宁波小伙不一般
/playlist?id=7673595951,【队长】行至此地丨好似又过几个秋,18万,芳心收集人
/playlist?id=965283465,柔，甜，美，蜜蜜配方［少女音］声控专属,958万,小馋猫风格
/playlist?id=935437006,熬夜单身狗的情歌说唱日推NO. 1,855万,Eacii
/playlist?id=7675155894,毕业季｜青春怀旧纪念手册 那年夏天,20444,内啡肽_Fentany丨
/playlist?id=2905900351,失恋必听歌单❤,2195万,MJ-icon
/playlist?id=7350016753,快乐覆盖快乐◇浪漫叠加浪漫,126万,原创君
/playlist?id=7598946182,浪漫节拍 ☪ 是晚风是心动是无可代替,17万,月亮藏不住的小情绪
/playlist?id=7567392824,诗与远方 | 有些人走着走着 就散了,13万,月亮藏不住的小情绪
/playlist?id=7833148887,2022年华语音乐的B面佳作,17327,原创君
/playlist?id=7461363308,华语 | 那些好听到爆了的华语热歌,30万,月亮藏不住的小情绪
/playlist?id=2357742963,破万评论国风古风 哪一首藏着你的故事,3440万,辞雀
/playlist?id=7793500455,青春励志｜愿你我逐光而行 不负骄阳,170,月亮藏不住的小情绪
/playlist?id=7779218781,隔壁老樊/枯木逢春/解忧邵帅/尚士达/颜人中,128,Falling_you_babe
/playlist?id=7427645303,故事藏在日记的夹缝里，裹着糖纸锁进抽屉,22万,糖果罐里装有好多颜色
/playlist?id=3093826086,｜中文DJ可可爱爱没有脑袋,180万,张婧之
/playlist?id=2116945770,[RAP]中文励志说唱-为梦想努力奋斗,2852万,Cup呀
/playlist?id=7624503062,宋胖子 歌还在是对才华的肯定,22万,地狱甜心路西法_
/playlist?id=7747385300,深夜emo | 晚风中闪过几帧从前,215万,四川贫困人口
/playlist?id=2312165875,100首华语民谣，因为懂得才有共鸣,3276万,情思天鹅
/playlist?id=2788431035,总有一个人教会你成长 然后悄无声息的离开,1493万,YouTube全球音乐
/playlist?id=6818850476,一无所知的世界，走下去才会有惊喜呀,36万,四季里的懒睡猫
/playlist?id=5447600581,那你呢 走出来了吗,568万,决劣
/playlist?id=7049343482,以音乐为桥 | 综艺《时光音乐会》音频收录,17万,网易云音乐
/playlist?id=2273791508,热情有限，爱要及时。,5221万,有点小煩恼i
/playlist?id=7619422618,生命久如暗室 不妨碍我明写春诗,53万,原创君
/playlist?id=691837867,「慎入」京剧入门洗脑有毒,697万,黑石礁大客
/playlist?id=7687424071,绕过山河错落，绕不过你♡,28万,原创君
/playlist?id=5225397666,（情感语录 ）失恋,104万,-leve
/playlist?id=3178112270,[ 单 曲 循 环 ] 想 摘 星 星 给 你.,458万,月湾龟
/playlist?id=7454200021,最怕Rapper唱情歌丨甜到炸裂 招架的住吗？,34万,角港
/playlist?id=2021413853,【华语小甜歌】轻快俏皮 节奏律动 ,267万,浪漫土土
/playlist?id=3044976713,你少年时代最想保护的那个人现在怎么样了？,1589万,YouTube全球音乐
/playlist?id=3020052469,【古风-国风】好听爆的大杂烩学习食用,1919万,kath-ran
/playlist?id=3121785720,[晚安摇篮曲] 宝宝催眠曲,169万,司星南
/playlist?id=2499781992,你最想对暗恋的人 说的一句话是什么,1690万,YouTube全球音乐
/playlist?id=505926603,一秒沦陷丨听说你也在找好听的歌曲,2200万,艾琳艾德勒丶
/playlist?id=7755396369,民谣 | 忘掉黎明的黑暗，记住那黎明的曙光,1850,Karollkk7
/playlist?id=2743655199,好听到单曲循环的歌,981万,网友苏念_
/playlist?id=6617347400,华语｜惊艳耳朵的神仙嗓音,305万,韩知心i
/playlist?id=4911292711,嗯 不再期待了,336万,雾岛与歌
/playlist?id=7328597616,2022网易云热歌~百首超级好听的音乐,1505万,龙楠林
/playlist?id=7641063085,摇滚文学 我们终将逝去的每一个浪漫之旅,42592,肆玖音乐
/playlist?id=7553902771,民谣 | 孤独的旅人，诗意的远方,92491,贝克克y
/playlist?id=2218171336,后来你哭了，想安慰却忘了早已换了身份,5438万,GNC顾念晨
/playlist?id=3213051234,古风｜酒能红双颊，愁能雪白头,132万,顾二淼y
/playlist?id=7807863670,2023网络爆火流行歌曲推荐（更新快）,8150,解忧邵帅
/playlist?id=7540345097,夏夜晚风｜生为冰山，就该淡淡地爱海流,20万,雾月情书
/playlist?id=2788905080,愧疚让爱沦为杀手,931万,黑夜至才書
/playlist?id=2944021971,【2023新年歌曲】喜庆年味 超市商场专用,108万,航鶴鶴收藏家
/playlist?id=7036575163,民谣 | 山有木兮木有枝 心有尔兮亦相思,110万,Emo重症患者
/playlist?id=7654644077,日落归山海，山海藏深意♥古风温柔女声,75012,执剑稳
/playlist?id=7564518539,轻摇滚重民谣｜窦唯、许巍、朴树、郑钧,47845,金-三仰
/playlist?id=2850086850,十年前的歌还在，陪你一起听歌的人呢,7205万,mayuko然
/playlist?id=7794783654,摇滚新潮 | 肆意生长，且听狂风吟唱,463,Bruce梁博
/playlist?id=7466999409,夏日入侵 ♡ 希望夏天和浪漫接踵而至,38万,月亮藏不住的小情绪
/playlist?id=7842269714,情歌 ｜ 安安静静的怀念那些时光,67,贝克克y
/playlist?id=7746586001,国摇盘点｜ 别再问我什么是中国摇滚,25102,陆大大来了
/playlist?id=2913547286,只有几十秒的歌词都是直击心灵【铃声版】,670万,學會笑著搖頭拒絕自己喜歡的東西
/playlist?id=6814318224,深夜伤感｜我在输液 想你的液,242万,这条平凡的狗_QwQ
/playlist?id=2059430694,痛彻心扉地哭，然后刻骨铭心地记住,6793万,马翊辰
/playlist?id=7580589046,古风催泪 | 那些虐到骨子里的古风歌曲,19万,月亮藏不住的小情绪
/playlist?id=7650794797,春风十里｜我说 所有的酒都不如你,64939,蛋壳Maxd
/playlist?id=3161604042,「翻唱」520首比原唱好听的翻唱！✨,374万,小小张Xiao_O
/playlist?id=5046128050,古风歌曲精选2023古风歌单,72550,故事文案
/playlist?id=7492579115,关于民谣｜偏爱歌词里，向死而生的力量,68万,雾月情书
/playlist?id=7627626385,说唱☆国语rapper的宇宙级浪漫✨,78796,蛋壳Maxd
/playlist?id=3134064854,这次就真的再也见不到了,1491万,决劣
/playlist?id=7101720550,及时止损的爱 还是爱吗,140万,宇翊-kay
/playlist?id=6804964415,请坚信，好运会以自律的方式向你靠近,73万,四季里的懒睡猫
/playlist?id=7639012127,个人向 • 好听的古风歌曲,13161,月亮藏不住的小情绪
/playlist?id=5373497049,“超温柔的女声集”,352万,窥尽人间遗憾
/playlist?id=330634870,国语古风中国风神曲，细腻地抚摸你的耳膜,5196万,西葫芦子丶
/playlist?id=7764467797,旋律说唱 | 让人无法抗拒的温柔Rap,101,月亮藏不住的小情绪
/playlist?id=4919826405,这个世界太过喧闹，你要把自己照顾好,529万,YouTube全球音乐
/playlist?id=7814533360,欢庆新年｜当代年轻人的新年“音”象,544,蛋壳Maxd
/playlist?id=4891546330,先努力让自己发光，对的人才会迎着光而来,377万,四季里的懒睡猫
/playlist?id=2411565253,「说唱」那你呢 喜欢过我吗,377万,可你怎么总是忘记我很爱你
/playlist?id=7603301452,国影OST：电影与旋律皆是艺术,11893,蛋壳Maxd
/playlist?id=7707003500,戏腔/一曲戏腔知冷暖,4177,阿泽要开心_
/playlist?id=5108955230,本次列车终点站为:嘉禾望岗。,420万,be魚_
/playlist?id=7638469416,听了0.8配速的歌就慢慢了解一个人吧,78万,早睡早起丫-
/playlist?id=7483528609,中文旋律说唱 Melodic Rap（持续更新）,13万,April_xr
/playlist?id=5383772245,经典华语 | 念旧的人听怀旧的歌,104万,人间宝藏顶配挖机
/playlist?id=716869624,戏腔古风（个人向）,258万,辣条真好吃嘿嘿丶
/playlist?id=5198348820,记得在这杂乱的生活里 每天带点笑意,44万,asdfg_ydYO
/playlist?id=3039496128,100种民谣女声 带你去感受星辰万物,1161万,宁遇夏
/playlist?id=7615055320,【荷尔蒙催化剂】二十岁的人生坐上云霄飞车,18万,我你爹奥
/playlist?id=6775871260,恰好的是我遇见你，而你喜欢我。,328万,傻傻傻傻傻了
/playlist?id=2765579776,「民谣」边走边唱如诗如歌如理想,1758万,情思天鹅
/playlist?id=4994606690,爱太难 睡个好觉也不简单,946万,决劣
/playlist?id=7605300088,流金岁月 | 时光匆匆用歌声留住青春,25万,月亮藏不住的小情绪
/playlist?id=7630387323,伤感碎片：爱情里你我皆罪人,10万,0000FF少抽烟
/playlist?id=6836338124,梁博｜奔跑在日落大道的男孩,74万,云音乐VIP
/playlist?id=7501816088,超甜旋律｜是心跳不止 是无所替代❤,34万,月亮藏不住的小情绪
/playlist?id=7795227330,冬季浪漫丨漫漫隆冬和初雪重逢,1426,芳心收集人
/playlist?id=6970681976,超好听的神仙翻唱,168万,月亮藏不住的小情绪
/playlist?id=7826302743,DJ【那年我双手插兜不知道什么叫对手】,1254,ZMR-张小瑞
/playlist?id=7759984926,甜饼说唱｜超甜的情话只对你说,340,早睡早起丫-
/playlist?id=2815616232,100味夜晚催眠男声 唱出谁的孤单心事,1325万,YouTube全球音乐
/playlist?id=2888301972,错把时间当良药 谁料只愈皮外伤,1296万,YouTube全球音乐
/playlist?id=5150445575,抬起头在更热烈的风里相遇吧,618万,也半眠
/playlist?id=2404791206,痛到心碎的虐心歌曲和伤感歌曲,3403万,李白白ing
/playlist?id=7702333495,「高燃古(国)风」乱世封疆，谁与争王,571,善恶-712
/playlist?id=7662624876,水木年华 | 用真诚的态度传递快乐和爱,22384,网易云音乐
/playlist?id=5363641064,时差青年｜每个懂事的人都是宝藏,561万,陈笑一Joylyn
/playlist?id=7231343817,『小众甜歌』拥抱的最好定义，是交换温柔呀,10万,Karollkk7
/playlist?id=7837260637,许嵩国风合集必听歌单,56,爱吃茶的嵩鼠
/playlist?id=5341459485,没来得及说抱歉,你已经不在身边,811万,小攀哟
/playlist?id=2877214313,超级好听的女生翻唱Cover集【Cover by+原唱,1573万,是你的顾柒柒_cc
/playlist?id=7756869458,2022网易云热歌精选（持续更新）,490,丶精神领袖V
/playlist?id=7010349262,俘获听觉——沉浸式Rapper柔情思绪！,526万,欧阳鹏oyp
/playlist?id=7667428179,欢乐续订↬轻快小调收揽节后好心情,11万,零度光影乄
/playlist?id=2899768194,精选｜那些百听不腻的翻唱,5788万,情感文字君
/playlist?id=7677953691,【宋亚轩】翻唱合集,29792,Hy讣祈
/playlist?id=6826886244,【华语精选】网易云10w+热评歌曲,221万,__量变__
/playlist?id=7602987106,国剧OST：配乐是影视的点睛之笔,15832,蛋壳Maxd
/playlist?id=7546431592,国影OST：中国电影一部一首代表曲,64769,蛋壳Maxd
/playlist?id=7101844587,吃一口糖 那些高甜的【中文rap】请签收,106万,-甜饼怪BABE-
/playlist?id=2613637176,晚安呐 我今天要早睡,707万,螚安Vivienne
/playlist?id=7751138568,甜甜的歌温柔的声音（糖份收集歌单）,309,是阮阮阿
/playlist?id=2221422692,[民谣]携一把吉他，温三两故事，四海为家,1585万,GT_Li
/playlist?id=7536845035,民谣 | 在柔软的黄昏，喝一杯温柔的酒,16万,Emo重症患者
/playlist?id=2839246073,生活节奏太快，就让耳机里的声音慢慢来～,1319万,空气很颓废
/playlist?id=2306664471,薛之谦 陈奕迅 李荣浩 林宥嘉 林俊杰 郭顶,6595万,难寻1022
/playlist?id=7839926390,四季长安』天增岁月人增寿|春满乾坤福满楼,80,流动情感贩
/playlist?id=2986300351,一场雨的时间你会不会回来,282万,刻下一片海
/playlist?id=2815777391,好听到单曲循环的歌,6842万,小攀哟
/playlist?id=7716228375,耳机里的秘密 | 宝藏女声集合站,451,Bruce梁博
/playlist?id=2000607569,一路向北，百毒不侵。,2704万,天神下凡V5
/playlist?id=7787566153,国摇｜摇滚才是治疗emo的良药,2827,港岛姐姐的妹夫
/playlist?id=6786700692,2023网络爆火流行歌曲推荐(持续更新中),103万,桥本环奈_Fairy
/playlist?id=7762989633,不曾忘记 只是不再想念 0.8X / 0.7X,145,月亮藏不住的小情绪
/playlist?id=7550125028,遗憾吗，最后没能在一起,24万,一口生巧
/playlist?id=2846453528,因为遇见了温柔的人 所以想温柔待人,181万,可你怎么总是忘记我很爱你
/playlist?id=7523989081,与月球对话｜生命不息 摇滚不老,18万,雾月情书
/playlist?id=7673330653,【黑胶】80.90后的经典需要充值才能回忆,16381,_豆腐花_
/playlist?id=5099205909,不想哭死半夜别听,1652万,一杯菊花茶_X
/playlist?id=408539770,【古风治愈向】小桥流水畔，有烟火人家,616万,-Abysm-
/playlist?id=2635359836,好听到单曲循环鸭,16174万,麋鹿诞
/playlist?id=2521923202,一只巨蟹座的歌单,758万,季节限定圣诞树
/playlist?id=6730173517,致敬奋斗｜随机播放那些埋头发光的日子,21万,秋chill的首席推歌官
/playlist?id=7655050088,「失眠防空洞」耳机下的避难所,94179,四川贫困人口
/playlist?id=2711754983,华语民谣大合辑：一人一首代表作,694万,一生向海
/playlist?id=705280747,【古风燃曲欢乐向】古风高燃，纯度百分百,447万,折羽不离兮
/playlist?id=6848562617,DJ中文歌曲车载 咚鼓版,506万,别让小熊不开心
/playlist?id=7552091727,快乐再出发1/2✨0713再就业男团合集 ♫,86363,是清澄阿
/playlist?id=2560108981,华语爵士|漫不经心的慵懒惬意,174万,卧室坐家
/playlist?id=2767811922,古风｜闲庭抚琴桃花酒，叶落似是故人归,830万,子度-
/playlist?id=2699422530,「古风」仗剑当空千里去，拔剑当空气云错。,45万,孩子吃嘛找嘛去-
/playlist?id=2349211741,最怕rapper说情话,746万,可你怎么总是忘记我很爱你
/playlist?id=2682044074,精选｜2023耳熟的翻唱合集,17739万,情感文字君
/playlist?id=2610231104,你曾经有多认真的喜欢一个人,3315万,mayuko然
/playlist?id=2199632154,一个费烟的歌单,712万,Etrna11y
/playlist?id=6685260980,『精选古风』 一曲一场叹，一曲为一人,417万,小软溪
/playlist?id=2438996784,【网易小酒馆】让民谣唱出你心里的故事,158万,是你的顾柒柒_cc
/playlist?id=7791981528,别听世俗的耳语去看自己喜欢的风景,82,人间宝藏顶配挖机
/playlist?id=540230671,以为时间是良药，谁料只愈皮外伤,1261万,--苏麻离青--
/playlist?id=2217381362,庆幸遇见她·砂质女嗓 入耳难忘,988万,KillBunny
/playlist?id=2846054862,用音乐保持你每天的嘴角上扬,4172万,宁遇夏
/playlist?id=4898633360,「CN R&B Chill」烟雾弥漫，透着漂亮的光,310万,JazzLove
/playlist?id=7501781701,古风 | 旧忆就像一扇窗 推开了就再难合上,77081,月亮藏不住的小情绪
/playlist?id=7651850075,孤单星球 | 把情绪调成静音模式,74674,贝克克y
/playlist?id=7072867742,2023超好听的宝藏女声翻唱,27万,陈渝Ya
/playlist?id=7333983296,山鸟与鱼不同路，再见容易再见难〔0.8x〕,632万,落叶听枝情
/playlist?id=2967920310,【车载】女声情歌-车上必听的伤感情歌,23万,喜乐大本营
/playlist?id=5152332685,晚安呐，以后再也没有晚安了,2981万,当做那是梦趴
/playlist?id=5135315071,藏在歌里的话你看得到吗,274万,决劣
/playlist?id=4933201498,rapper唱情歌 | 高能雷达☢,1247万,小何_jian
/playlist?id=3060714692,你有多久没有对一个人心动过了,1801万,mayuko然
/playlist?id=4972583603,古风怡然｜结庐朝暮间，尘世书作浮生记,16万,清茗谷雨
/playlist?id=5027070307,翻唱｜我为你翻山越岭 却无心看风景,1445万,仙女爱吃香菜_
/playlist?id=7521245152,民谣 | 追忆青春 有故事的人不能听,31万,月亮藏不住的小情绪
/playlist?id=5244221998,网易云伤感音乐,470万,保航_SHI
/playlist?id=6894003949,戴上耳机♫这一刻世界属于你,404万,流动情感贩
/playlist?id=7719986356,少年啊少年！不若乘风而起，扶摇直上吧,1510,W-沙丁鱼罐头
/playlist?id=435679464,在你的民谣里，听一段故事,1031万,活在水里的猫
/playlist?id=69539394,【女声版】绝美古风歌曲精选,154万,Double7琦
/playlist?id=4974525540,我没情绪 我是块冰,1706万,决劣
/playlist?id=2523152852,2021古风歌曲新歌,75万,珩萧雨溪
/playlist?id=5343524088,『古风』好听到爆的古风歌曲储蓄罐,330万,MOYU_HAPPY
/playlist?id=7084117459,超好听的女生翻唱,68万,月亮藏不住的小情绪
/playlist?id=948471242,古风伤恋｜待到红颜消 杳杳无归期,2339万,迩ran
/playlist?id=6783548195,2023全站超好听流行歌曲推荐(持续更新),72万,桥本环奈_Fairy
/playlist?id=7684820523,古韵佳酿：饮一坛过岗酒 做一场黄粱梦,456,蛋壳Maxd
/playlist?id=7692182373,国风戏腔 | 戏子演绎悲欢离合,35333,陈穆泽
/playlist?id=7819907183,2023好听到爆的伤感歌曲合集,22073,总有一束光等着你
/playlist?id=2470798714,你放弃过一个爱了很久的人吗？,3590万,mayuko然
/playlist?id=7598940811,赵雷：甘于平凡却不甘平凡的腐烂,41755,蛋壳Maxd
/playlist?id=7690519144,烦恼治退✨去兜风吧 傍晚有日落和晚霞哦,742,蛋壳Maxd
/playlist?id=402924168,好听到爆的伤感歌曲合集（评论过万）,6975万,艾琳艾德勒丶
/playlist?id=7597491795,听一首草原歌曲，喝一碗陈年老酒,16万,音乐想象家
/playlist?id=7654926449,吉他伴随民谣｜孤独伴随流浪,16797,WANGQINSHENGYUAN
/playlist?id=7373521472, 『古风民谣』我是人间客，闲来听花落,30961,W-沙丁鱼罐头
/playlist?id=7643585507,100首华语经典民谣歌单,36017,chelife
/playlist?id=7618247726,华语深情 | 请用心听，不要说话,69955,贝克克y
/playlist?id=7587532782,{ 治愈民谣 }疲惫的生活需要一个温柔的梦,36万,小刘再也不熬夜了
/playlist?id=7786505443,年代剧|风吹半夏|启航当风起时|复古|怀旧,1410,celebragi
/playlist?id=5048374812,下次遇见喜欢的人记得要勇敢,869万,螚安Vivienne
/playlist?id=7747386295,拜托！听rapper唱情歌超酷的！,160万,四川贫困人口
/playlist?id=2723340897,hook好听的华语说唱,172万,wabbbbbi
/playlist?id=5213031406,一起甜滋滋 | Rapper唱情歌 想给你快乐,70万,原创君
/playlist?id=7662449932,小娟&山谷里的居民|用音乐演绎生活的本质,16970,网易云音乐
/playlist?id=2521168404,Rap说唱乐_每日新歌,151万,Rap说唱乐
/playlist?id=625683970,国语乐队邀请您及时行乐,47万,何小飯儿
/playlist?id=3175286632,超好听的高潮翻唱呀,10522万,我鲁班不坑
/playlist?id=2145841317,遇到喜欢的人不要冷冰冰,1465万,决劣
/playlist?id=2263099944,网易云热歌：百首好听宝藏热歌精选,134万,吴没弦
/playlist?id=7179792394,「时光音乐会第二季」合辑❤️新版VS原唱,24万,云村旅行者UFO
/playlist?id=7622931262,民谣 I 清風徐來 安樂自在 ,55510,蛋壳Maxd
/playlist?id=7687421291,国内独立|荒唐者的大梦一场,1063,奋勇的晚春
/playlist?id=2857550594,精选｜评论10w+单曲循环歌曲,6611万,情感文字君
/playlist?id=3072674843,心酸纵有千百种 沉默不语最难过,489万,YouTube全球音乐
/playlist?id=4988121802,好听到单曲循环的神仙歌曲,234万,37号元素
/playlist?id=7590858110,华语经典 | 不忘初心 旧时光里的不老岁月 ,20万,月亮藏不住的小情绪
/playlist?id=8008377876,相信音乐版权回归 | 全收录歌曲,771,奇龙耶夫
/playlist?id=7738223192,久了 也就习惯一个人去做所有事情了,12万,Lion_Z狮子
/playlist?id=7789071645,国语 | 聆听华语里百听不厌R&B,92,人间宝藏顶配挖机
/playlist?id=7535812697,大抵是不会再见了吧,10万,Fabulous糖糖直播三天啦
/playlist?id=7688445507,民谣|简单的故事慢慢的人生,8767,朽念-
/playlist?id=506484192,孙燕姿最全歌曲正序集,772万,风中的抛物线
/playlist?id=7655499349,【伤感歌单】除了自渡，他人爱莫能助,96710,四川贫困人口
/playlist?id=96160731,【专题】台上戏里十年梦 老去经年秋与春,27万,辞雀
/playlist?id=2477244751,［伤感歌曲］你真的还爱我嘛.,401万,晚案嗯
/playlist?id=7297727968,国语情歌说唱 : 甜蜜rap制造机 ,81万,秋chill的首席推歌官
/playlist?id=2008947511,有很多的rapper情歌,917万,_-陈冠希-
/playlist?id=5066873486,KTV必点歌曲：深情伤感老歌，每首都有回忆,584万,侠侣亲子-许天准
/playlist?id=141865950,霜雪满头亦白首,19万,雪无瑕w
/playlist?id=7694419432,盘点那些好听到哭的翻唱,1650,chelife
/playlist?id=3232282161,避风港真的可以避风吗,382万,晚安-429
/playlist?id=7628784170,每一缕月光里 藏着一份遗憾,29万,原创君
/playlist?id=117183662,【陶喆】 爱很简单,159万,零下Young
/playlist?id=440582108,hiphop『国产高质量』,1206万,xy耀
/playlist?id=5392470366,心灵驿站｜听了会上瘾的神仙歌曲,233万,韩知心i
/playlist?id=8006253404,心动/甜蜜/温馨 ｜听了都想恋爱,58,Zakiya晴子
/playlist?id=777915656,最强中文说唱,1892万,SFGXZT
/playlist?id=2656906764,愿你岁月无波澜，敬我余生不悲欢,1150万,YouTube全球音乐
/playlist?id=4869164805,私藏 | 值得循环的Cover合集,1762万,她的水彩笔
/playlist?id=2066593601,哼一曲歌谣，送别年少的你,786万,张思妄
/playlist?id=5350729261,“适合比喜欢更重要”,615万,窥尽人间遗憾
/playlist?id=6931154816,失恋音乐馆｜我曾误入爱情的迷途,120万,这条平凡的狗_QwQ
/playlist?id=7828405913,治愈森林｜时间不是解药 但你是我的解药,98,蛋壳Maxd
/playlist?id=7833977976,单向奔赴 暗恋像冬天里一场无声的雪,53,YouTube全球音乐
/playlist?id=620809527,初识不知曲中意 再听已是曲中人,3181万,iamsunset
/playlist?id=6746558387,心灵驿站 | 治愈你的每一种情绪,479万,人间宝藏顶配挖机
/playlist?id=7706518017,为生活投降的人 明天是你最好的模样 滚青入,50691,肆玖音乐
/playlist?id=5474617437,网易云10w+的歌，有你一生所爱的吗？,52万,Petrichoe
/playlist?id=6908668070,情歌无数｜唱不尽世间遗憾,110万,这条平凡的狗_QwQ
/playlist?id=5286286603,超好听的女声集吖 翻唱比原唱好听系列♥️,178万,糖果罐里装有好多颜色
/playlist?id=5337006313,伤感 | 是细节不够伤人，还是敷衍不够明显,269万,伤感夜来非_
/playlist?id=401751106,那些好听到爆的流行歌曲（持更）,1330万,艾琳艾德勒丶
/playlist?id=7793547489,爱而不得的感情｜多一秒都是痛,14万,番茄打蛋鸡
/playlist?id=643375011,萝莉 中文 软妹 萌音 小清新,1006万,橘猫举菊花
/playlist?id=5026583676,「宝藏热歌」你不容错过的热歌精选,358万,HUMAN00
/playlist?id=7599977144,甜入心扉丨只要心怀热爱 每天都是限量版,48685,丨IIIIIIIIII丨
/playlist?id=7662250961,被迫营业丨用音乐治愈返工第一天,21万,原创君
/playlist?id=2321983233,100种人生的态度，有没有你的归宿？,1073万,YouTube全球音乐
/playlist?id=5009965759,老歌翻唱丨一定听过不少好听歌,415万,李恩赐Ci
/playlist?id=2359625826,和过去和解吧 日子过的可是将来,267万,她的水彩笔
/playlist?id=2931359077,说唱｜走心爆炸好听的说唱,435万,退役魔法少女团成员
/playlist?id=7844318140,新年Pop｜伤感流行，告别2022的遗憾,92,蛋壳Maxd
/playlist?id=7579638207,网络爆款超好听流行歌曲都整理在这了(持更),64万,桥本环奈_Fairy
/playlist?id=2773697656,[司南精选] 唯有清风徐徐而来不敢相负,39万,珩萧雨溪
/playlist?id=7632594064,念念不忘必有回响「0.8X / 0.7X」,83万,月亮藏不住的小情绪
/playlist?id=4946368509,是你的垚/刘大壮/王小帅/王泽科,1971万,小攀哟
/playlist?id=5078863885,那你呢 释怀了吗,580万,决劣
/playlist?id=7720296181,民谣：遇见乡音◎海的那头是故乡,75367,蛋壳Maxd
/playlist?id=2613652645,【民谣】人间烟火 山河远阔,86万,天神下凡V5
/playlist?id=448634766,很好听的华语伤感歌曲,2514万,-电音迷弟
/playlist?id=62071817,民谣不止成都 南山南,715万,游历20
/playlist?id=7563078387,STOP！请停止精神内耗！,56万,原创君
/playlist?id=5297658451,希望以后和你的生活不止三餐四季,1059万,summermidnights
/playlist?id=2632804182,爱 意 随 风 起，风 止 意 难 平,395万,西伯利亚大尾巴毅
/playlist?id=2881748372,落日飞车|橘子海|甜約翰|卧轨|Deca| 椅子,252万,MarmaIade-
/playlist?id=737535139,『一百首』经典华语怀旧老歌,4292万,张思妄
/playlist?id=2418127418,写最浪漫的诗,346万,不睡觉时超困
/playlist?id=2131272503,「 每个人的青春都有一个任贤齐」,255万,呼啸雪夜
/playlist?id=5349307028,失恋心事 | 把你藏在心头 每天每夜想你,758万,四川贫困人口
/playlist?id=7715471455,『戏腔专题』那些你不能错过的戏腔,6534,执剑稳
/playlist?id=2862131621,失恋必听歌曲：你会突然听懂这些歌,410万,oreo灵
/playlist?id=867916143,聆听优质的中文说唱Flow Vol.1,1809万,泰迪它三岁
/playlist?id=5396302207,别灰心，普普通通的你也值得被万般宠溺,521万,Evelauren
/playlist?id=7833163338,新年快乐｜快来听点喜庆的歌,195,Music鲸落
/playlist?id=7623532292,伤感华语｜静听歌声里的遗憾,12万,蛋壳Maxd
/playlist?id=7327878918,旺仔小乔/一个球/不是花火/是二智呀,48万,日玖玖
/playlist?id=7634399679,民谣｜诗和远方比不过眼前的你,64632,蛋壳Maxd
/playlist?id=7598883110,民谣｜世界不小心生下普通的我,47740,蛋壳Maxd
/playlist?id=7664281764,华语经典：把光阴的故事唱给你听,15万,贝克克y
/playlist?id=4994541166,那你呢 会记得我吗,594万,决劣
/playlist?id=7655497460,【深夜歌单】埋在心里吧，这次我也没办,12万,四川贫困人口
/playlist?id=2685449094,「居家古风」如何把生活过成诗,1125万,-穷尽诗家笔-
/playlist?id=7694769851,听见秋声｜在温暖的旋律里收获整个秋天,22万,硬地原创音乐榜
/playlist?id=4994255449,情绪在听的歌里,3499万,决劣
/playlist?id=7614703414,甜度超标｜我见众生皆草木，唯你是青山,53万,雾月情书
/playlist?id=5349291073,一个射手座的听歌列表,1826万,四川贫困人口
/playlist?id=5468311991,如果能重来，你还会选择遇见Ta吗,334万,YouTube全球音乐
/playlist?id=2219770152,还记得你的梦想吗？别让你的梦只有想,2529万,mayuko然
/playlist?id=5461537154,是不是把所有委屈咽下，才显得懂事,2802万,情思天鹅
/playlist?id=7999975552,0.8x 破碎的心 每一片都属于你,98,Zakiya晴子
/playlist?id=2689902290,♥︎ 超 甜 rap 想 和 你 坠 入 爱 河 ♥︎,947万,站在月亮上的少女
/playlist?id=2511560749,温柔暴击 | 沉溺于男友音的甜蜜乡,4415万,名侦探-柯北
/playlist?id=3221270268,云村实时热歌 | 持续更新中……,671万,小黑豪吖
/playlist?id=5369758494,ʘʚʘ好听的旋律 觉得不是那我木得办法,187万,拾溜_
/playlist?id=7487805161,2023超好听的爆火歌曲推荐（持更）,1360万,小小小的可爱呀
/playlist?id=7488091418,网易云超好听流行热歌推荐(更新快),1212万,闲卿Find
/playlist?id=5286606525,有没有那么一首歌 刚好说中你的心事,545万,YouTube全球音乐
/playlist?id=6773453509,『说唱』清晨/日暮/落日/海风/晚霞/皆予你,156万,肆玖音乐
/playlist?id=6638240662,流行古风｜但求知己常相伴，浪迹江湖风雨行,22万,少年的杂货铺
/playlist?id=2889967036,爱是不能忘记的吧,1210万,决劣
/playlist?id=4968397141,民谣像个朋友，温柔得像风,34223,小鸽子Guo
/playlist?id=2509820906,说到做到的人特别浪漫。,122万,小叠怡
/playlist?id=7392751344,抒情摇滚｜躁动青春 文艺又浪漫,79万,白鸟星野
/playlist?id=7822502261,冬天的世界就像一台巨型冰箱，我们冻手冻脚,1523,Karollkk7
/playlist?id=2859529562,民谣｜简单的喜欢最长远,487万,子度-
/playlist?id=2848386823,影视剧主题曲/插曲/片尾曲,85万,悲伤的臭豆腐ovo
/playlist?id=2269976282,「2022追剧指南」原声歌曲盘点♡,384万,彩彩星云
/playlist?id=2715933347,精选｜2023那些循环歌曲的翻唱,9433万,情感文字君
/playlist?id=7208908072,是微风 是晚霞 是心跳不止 是无可代替,830万,-甜饼怪BABE-
/playlist?id=7675344824,华语经典顶流作品合集｜首首经典无损SQ,72万,内啡肽_Fentany丨
/playlist?id=5137419858,二十岁后的人生像是按了加快键,3053万,空气很颓废
/playlist?id=5382366823,刘大壮/是你的垚/王泽科/王小帅,334万,窥尽人间遗憾
/playlist?id=5358643949,保持热爱的人生态度，自律上进知进退,79万,summermidnights
/playlist?id=7804159368,新年快乐 | 飘雪 烟花 与你共庆新年,876,Karollkk7
/playlist?id=2815677496,解忧邵帅：你是人间四月天,58万,小攀哟
/playlist?id=745922241,「冷门古风」没听过的都是惊喜,806万,-穷尽诗家笔-
/playlist?id=7009211071,超好听的温柔男声,49万,月亮藏不住的小情绪
/playlist?id=2810974194,100味华语女声：经得住时间的美,1025万,mayuko然
/playlist?id=6712857418,高甜预警！已被这些说唱甜晕了,49万,一只喵喵喵星人
/playlist?id=7779461398,21世纪&宝藏乐队收听指南,776,chelife
/playlist?id=376096227,男人歌 ｜ 谁不是一边挣扎，一边努力活着,207万,听见花开之落尘
/playlist?id=2067079376,一个比较走心的民谣歌单,4865万,小道先森
/playlist?id=2339013333,「珍藏」好听到单曲循环的华语精选,505万,HUMAN00
/playlist?id=6761996936,一个你听不完的【古风】歌单,604万,藏了很久很久
/playlist?id=7557352702,盛夏光年 | 像风一样自由 奔赴属于我的远方,17万,月亮藏不住的小情绪
/playlist?id=131368017,民谣 / 成长中的情绪共谋者,1416万,-云端有风
/playlist?id=5172076242,90后回忆想听的歌，反正爷青回了,492万,小鸽子Guo
/playlist?id=2888526427,少年不识李宗盛 听懂已是曲中人,1325万,云音乐VIP
/playlist?id=2099724538,单曲循环☞听不腻☜的民谣歌单,1515万,小道先森
/playlist?id=7621710151,以歌伴梦｜用歌声浅唱每一篇故事,9288,你的辰ya
/playlist?id=2894197518,环游遍了整个星系，找不到比你更亮的星星,1440万,mayuko然
/playlist?id=7469402611,2023网络爆火流行歌曲推荐（持续更新）,82440,芳心收集人
/playlist?id=2633825295,在我撑不下去的时候，请给我一个拥抱,852万,螚安Vivienne
/playlist?id=4887974807,青春的记忆|九十年代最好听的100首歌,1459万,宁遇夏
/playlist?id=2020864493,人这一辈子，最怕突然听懂了一首歌。,8593万,mayuko然
/playlist?id=2395621500,「说唱」我不想堕落 可我不快乐,56万,可你怎么总是忘记我很爱你
/playlist?id=3100461745,『中文』节奏控 好听到爆!,633万,Gv-Mira
/playlist?id=2585465480,此生多少情与仇，只愿与你长相守,1928万,可尼晏
/playlist?id=7101860245,（Rap说唱）跟着节奏狂奔/开车时听的神仙歌,92万,-甜饼怪BABE-
/playlist?id=544533855,一个双子座的民谣歌单,1362万,贾亚南Deer
/playlist?id=399315380,洛天依古风 强迫症已排序,319万,挫妞小天依
/playlist?id=2240792884,中文说唱排行榜（评论2w+,421万,bDTh_
/playlist?id=7213920180,rapper们的高甜情话你听过吗？,166万,Andy_Yuee
/playlist?id=4966400318,古风仙侠 | 回眸已是千年，你还在人群中,70万,小鸽子Guo
/playlist?id=6712783869,雾起爱意消失,1313万,银河趣事收藏家
/playlist?id=7403250786,温柔眷恋｜对你的喜欢灿若星辰,78万,原创君
/playlist?id=2727510486,独享音乐|耳机线是现代年轻人的输氧管,2166万,宁遇夏
/playlist?id=7030850448,华语流行 | 不知不觉又徘徊在从前,399万,四川贫困人口
/playlist?id=2750978184,每天都很晚睡的你，在想些什么？,1004万,四季里的懒睡猫
/playlist?id=2766896532,越长大越觉得 保持联系也是一件很难的事,1142万,mayuko然
/playlist?id=2787148993,那些独处时听的歌 别让悲伤逆流成河,600万,YouTube全球音乐
/playlist?id=3111177481,爱是需要见面的,523万,决劣
/playlist?id=3235621412,想在凌晨传通简讯给你,259万,爱时的话难忘
/playlist?id=7653706454,校园广播站：昨日晴空的青春独白,50533,贝克克y
/playlist?id=7679272264,乡愁◎遇见方言❥梦回故乡的麦田,1699,蛋壳Maxd
/playlist?id=7618610615,落日来信｜天黑时 故乡是长梦里的故乡,12万,四季里的懒睡猫
/playlist?id=7540124095,民谣 | 我知道那些夏天 就像青春一样回不来,26万,月亮藏不住的小情绪
/playlist?id=2862886083,你今天好吗 被人左右情绪了吗,1218万,螚安Vivienne
/playlist?id=2339009619,「精选」入耳倾心的宝藏歌曲,641万,HUMAN00
/playlist?id=7801692945,民谣老炮 || 信仰仍在空中飘荡,566,木头先生-毛
/playlist?id=7799680290,张惠妹 张悬 张韶涵 杨丞琳 徐佳莹 ♫,4237,是清澄阿
/playlist?id=7535300087,民谣 | 藏在歌词里的故事 你听懂了吗,72696,月亮藏不住的小情绪
/playlist?id=2792436045,FreeOut 没有一个不靠谱的小兄弟,41万,偷偷的叹了口气
/playlist?id=2245580056,【千千阙歌】经典老歌，久听不厌,501万,吕旸这个名字好抢手都被注册了
/playlist?id=7477043316,治愈华语｜放轻松~每个人都有自己的小世界,52万,雾月情书
/playlist?id=7527074775,滚石唱片 | 温润优雅的艺术家 ——林忆莲,65万,网易云音乐
/playlist?id=2804482403,『0.8x』独自收集两个人之间的回忆,452万,解忧邵帅
/playlist?id=6642350241,2023网易云超好听流行热歌【持续更新】,46万,独家记忆文案馆
/playlist?id=7342819485,2022爆火耳机系列『宝藏』（更新快）,2941万,龙楠林
/playlist?id=7592561661,伤感中文DJ丨爱而不得的感情最伤人,37万,角港
/playlist?id=638864394,国产HipHop从地下到地上,3938万,设计院OG
/playlist?id=7115950741,那些好听到爆了的吉他弹唱,33万,月亮藏不住的小情绪
/playlist?id=7784482501,冬日限定｜分你一只耳机 聆听初冬温柔,859,Bzstrive
/playlist?id=6587830676,“ 海风总是洒脱可以布满山河 ”,117万,野鬼er
/playlist?id=4912458725,【民谣】安静的听歌♥安静的想你,432万,SG丶RX
/playlist?id=2557918409,KTV必点：有没有一首歌，唱着唱着就泪奔,8261万,mayuko然
/playlist?id=2108621840,「古风歌单」愿你把酒执剑 归来仍是少年,1079万,苏打不是少主
/playlist?id=5393321376,【KTV必点】麦霸终结者！,813万,a丶安逸
/playlist?id=933372355,你绝对听过的宝藏歌曲合集（持续更新）,88万,遇见-Music
/playlist?id=5373110437,脸红的青春期丨如果暧昧有形状，是你的模样,33万,原创君
/playlist?id=7660718803,孤独旅人 | 这首民谣唱出了谁的不眠心事,37475,月亮藏不住的小情绪
/playlist?id=7082299548,那些好听到爆炸的歌曲,518万,Nyomi是奶油米
/playlist?id=2532408647,【翻唱】好听的歌都在翻唱的路上,810万,小煜生于初冬
/playlist?id=7496594326,伤感边路 | 好听到单曲循环,35786,__量变__
/playlist?id=7740925266,甜甜旋律｜浪漫的年纪别活的太无趣,477,Bzstrive
/playlist?id=7417859975,恋爱啦|甜妹的专属歌单,61070,阿纭bebe
/playlist?id=4974534836,那就一直冷冰冰,365万,决劣
/playlist?id=4946086065,睡觉前的情歌说唱;-),155万,我要逃学威龙
/playlist?id=2946610153,戴上耳机|全世界的喧嚣与我无关,2345万,情思天鹅
/playlist?id=2427814007,月亮溺死在爱河星星得不到爱火,784万,我想你是需要我的对吗
/playlist?id=7828451736,刻在DNA里的闽南语金曲,132,chelife
/playlist?id=7766925348,我是歌手第三季现场版集锦【高品质】,1064,李平阿
/playlist?id=7086555755,女声 | 好听到单曲循环的华语歌单（下）,117万,Emo重症患者
/playlist?id=7449573972,【民谣】负者歌于途，行者休于树,16万,吕旸这个名字好抢手都被注册了
/playlist?id=7753185687,伤感歌曲｜黑夜下的你在想念谁,77万,总有一束光等着你
/playlist?id=94651361,晚安 ｜ 睡前听歌,15万,我坐在九份的咖啡店
/playlist?id=7832413768,2022云村专属晚安曲|睡个好觉,美好都会到来,19万,云音乐歌单之友
/playlist?id=7059835153,方大同 | 关于爱的定义 | 独树一帜华语R＆B,46万,云音乐歌单之友
/playlist?id=5268554168,没认识过你就好了,296万,网抑也爱喝奶茶
/playlist?id=3046138281,『华语R&B』节奏断线，已无法跟随昨日脚印,557万,生活委员
/playlist?id=7996076268,民谣时光｜岁月之河静静流淌，听一支民谣曲,27407,雾月情书
/playlist?id=6854946998,「华语」摇滚｜血液中的自由与浪漫,11万,回忆哆啦没有A梦
/playlist?id=380725136,一人一首古风曲【古风圈歌手】,363万,米虫-小蚊子丶一只呆雯纸
/playlist?id=564082645,「民谣」永远有多远,839万,八月夏末_
/playlist?id=2866471705,「说唱」超炸超甜的旋律rap,251万,一只雪梨呀_vc
/playlist?id=7381399697,传唱度过亿的经典神曲 | 再听已成曲中人,338万,耳怀怀
/playlist?id=7599643104,华语流行｜唯有爱与理想值得疯狂,10万,贝克克y
/playlist?id=7581120144,华语创作歌手TOP 50丨一人一首代表作,30万,音乐想象家
/playlist?id=4930196448,下次见面的时候 定会奔向你,207万,原创君
/playlist?id=7234594649,古风精选｜爆裂好听的虐心伤感向！,76万,佛系音乐藏家
/playlist?id=2469869732,隔壁老樊、枯木逢春、解忧邵帅合集（持更）,76万,GT_Li
/playlist?id=5355452609,感謝你曾來過,177万,ckyzf
/playlist?id=6676687070,乐队|宇宙尽头的广播站,160万,八卦小耳朵
/playlist?id=4955990649,戏腔/古风歌曲--戏子多秋 可怜一处情深旧…,985万,ZB执笔
/playlist?id=6613049052,古风国风| 倚楼听风雨淡看江湖路,82万,杨晓一Jessica
/playlist?id=7619098936,愿你不做笼中鸟 日日逍遥在人间,40万,原创君
/playlist?id=7560565780,「古风」 不辞千里山川远 萤火温酒共夜白,47454,月亮藏不住的小情绪
/playlist?id=7633422894,想想好遗憾，那次见面想说的话也没能说出口,14740,月亮藏不住的小情绪
/playlist?id=6899283414,马思唯/沙一汀EL/Capper/Tizzy T.,232万,_彤彤睡了吗
/playlist?id=7793294288,｜经典系列｜冬天里的小太阳,1640,24H核酸阴性
/playlist?id=7795809152,感情终点站｜爱到最后是遍地鳞伤,15576,番茄打蛋鸡
/playlist?id=6805686823,十七岁那年心动的人，真的会喜欢好久,252万,37号元素
/playlist?id=7587298606,酒馆民谣 ｜ 一个人走路也是和地球单独约,56026,小刘再也不熬夜了
/playlist?id=2383994105,情歌说唱/想把你搂在怀里,152万,_Jale
/playlist?id=2233406754,放一首悲伤的歌 换一首还是悲伤的,342万,兔子也吃窝边草
/playlist?id=7603423315,爱别离：时间在消逝 我们的故事散场,27085,蛋壳Maxd
/playlist?id=2872007595,龚玥试音专辑,11万,Town-Kwong
/playlist?id=5362130084,『民谣』不止有诗和远方，还有大家的故事,38万,贾嘉葭
/playlist?id=6699931397,『能炸能晃』华语说唱天花板2.0,2283万,RyanZ阿郑
/playlist?id=2128095396,一个双子座听歌的列表,599万,yyyIngx
/playlist?id=7680343989,G.E.M 邓紫棋 |全收录,519,Just-7ccc
/playlist?id=2399099637,朗朗入耳的歌曲｜中文DJ版｜音魂不散,2374万,借風擁妳
/playlist?id=2001908144,【古风】山河拱手，为君一笑,523万,星眸却年华
/playlist?id=2959427503,丢掉所有烦恼，今夜睡个好觉,967万,情感文字君
/playlist?id=6766849826,屹立于世界东方的『中国摇滚乐』,91063,音乐想象家
/playlist?id=6831345579,西北民谣篇丨赛里木湖旁的白云与骏马,23万,星外星音乐
/playlist?id=2117645196,出行 | 自驾游 车上必备歌曲,910万,忍冬oooo
/playlist?id=2974785771,那你呢 会忘了她吗,403万,决劣
/playlist?id=6805487896,彻底放下那个人，你用了多长时间？,174万,Evelauren
/playlist?id=7481512857,2023网易云热歌榜超好听歌曲推荐,359万,闲卿Find
/playlist?id=7550932437,9 0丶0 0后超好听华语推荐(持续更新),80605,音乐想象家
/playlist?id=7757815825,氛围催化剂 | 携手共赴暖色晴天,455,Bruce梁博
/playlist?id=3103173833,所爱隔山海 山海不可平.,110万,给你擦擦眼泪吧
/playlist?id=7724264654,国风戏腔 | 戏子入画，一生天涯,523,织秋裤
/playlist?id=446058977,晚风会把喜欢你的秘密吹到你耳边吗,32万,冷冷七弦上i
/playlist?id=2255796408,提及年少一词，应与平庸相斥,1377万,-穷尽诗家笔-
/playlist?id=3065806198,危险派对 超甜旋律rap,25万,金金Z1
/playlist?id=7469636782,『中文0.8x』取消了置顶 发现你置底,77万,芳心收集人
/playlist?id=945185470,喜欢用说唱怎么说,696万,银河
/playlist?id=7790464940,「中文R&B」极致的浪漫与温柔,60万,勇敢的机动战士RX-78-2
/playlist?id=7803255597,华语DJ，还在伤感？请跟着我的音乐摇起来,443,陈穆泽
/playlist?id=4980244919,爱没有技巧 真诚才是必杀技,230万,决劣
/playlist?id=2326852397,她像是含苞待放的花骨朵儿,326万,没我怎么了
/playlist?id=7632005429,当喜欢慢慢变成习惯，最后我们败给了时间,10624,月亮藏不住的小情绪
/playlist?id=7597183877,情话匣子丨挑选一首歌向TA表白,19万,原创君
/playlist?id=5326128925,万物皆有裂痕，生活的答案不止是完美,809万,马翊辰
/playlist?id=4875079309,温柔向♥‖秋水望月金花夜,664万,刘六六六六丶
/playlist?id=2365391041,“深夜网易云伤感音乐”,425万,我爱妳三千遍
/playlist?id=5447236228,催泪系列｜『关于我们 你遗憾吗』,118万,杰宇情感君
/playlist?id=7789418267,冬日治愈｜慢慢等，最好的人注定会到身边,51961,雾月情书
/playlist?id=7426927810,遗憾的是 从来没有被人坚定的选择过,25万,李天使耶
/playlist?id=7086586403,「说唱hiphop 【中文精选】Made in China,169万,-甜饼怪BABE-
/playlist?id=2742126700,隔壁老樊/我跌跌撞撞奔向你,210万,知人不评人iL
/playlist?id=2775315846,你是非常可爱的人， 应该遇见最好的人,1499万,杉茶先生
/playlist?id=6728756523,希望戾气都悄悄溜走 余下的都是温柔,1436万,YouTube全球音乐
/playlist?id=2076817880,一个天秤座的听歌列表.,996万,24xXH
/playlist?id=7002256494,一个天蝎座的听歌列表,77万,月亮藏不住的小情绪
/playlist?id=2480864331,喜歡你 就是給你所有例外,188万,躲进人间边界
/playlist?id=1994451394,徐良＋汪苏泷＋许嵩＝青春,2884万,Xiao_Cheny
/playlist?id=2212472967,写在民谣中的岁月缓缓流淌,256万,泽芥末
/playlist?id=6699867357,听完这些歌就忘掉你吧,524万,泰迪熊的小脑袋
/playlist?id=7783109808,「单曲循环」进来试试随机播放吧！,67万,勇敢的机动战士RX-78-2
/playlist?id=2081133164,古风词人‖他们以笔为传奇添色 为山河泼墨,518万,-穷尽诗家笔-
/playlist?id=7527357861,滚石唱片 | 老男孩张震岳的秘密基地,59万,网易云音乐
/playlist?id=7532316817,滚石唱片 | 音乐中的人情冷暖和人生感悟,27万,网易云音乐
/playlist?id=7522011407,【华语民谣】一个人走路是和地球的单独约会,32万,倘若问心有愧_
/playlist?id=7502356582,九零后指南：请戴上耳机再次回味青春,36万,陈穆泽
/playlist?id=7596856116,滚石唱片 | 每个人的青春都有一个任贤齐,18万,网易云音乐
/playlist?id=7500043083,奔向日落｜不要慌不要慌 太阳下了有月光,148万,四季里的懒睡猫
/playlist?id=6968562886,【私藏歌单】宝藏华语歌单！伤感录～,173万,佛系音乐藏家
/playlist?id=6700964203,世间最甜的就是 双向的奔赴,899万,mayuko然
/playlist?id=7656816578,治愈系列 | 浪漫中透露着温柔,16912,四川贫困人口
/playlist?id=5098329423,全球失恋统计歌单,257万,几曾焚笔动星辰-洛洛
/playlist?id=2764870266,那些撕心裂肺的翻唱,2905万,网友苏念_
/playlist?id=3038312487,神仙翻唱 百听不厌,285万,我诚等缘
/playlist?id=4867035447,精选丨林宥嘉 薛之谦 毛不易 陈奕迅 李荣浩,161万,梁靖国Official
/playlist?id=2981608648,愿你喜欢的人 乘着梦来见你,671万,螚安Vivienne
/playlist?id=2182683172,致回不去的校园，致那美好的曾经,3119万,可尼晏
/playlist?id=5013540301,“在这里 每一种情绪 都有人感同身受”,518万,终会止步于此
/playlist?id=2860652175,押韵感完美的中文rap说唱,136万,你和理想
/playlist?id=2206285273,民谣里的故事再无她！,1199万,小贰哥吖
/playlist?id=783622069,乐队 还有想去一万次的音乐节 ♩,101万,Q--是不是你爱的她
/playlist?id=2482210411,那些听一遍就喜欢的歌,2705万,欢欢酱-
/playlist?id=3228441619,『吉他/钢琴』超好听的翻唱,251万,小黑豪吖
/playlist?id=6850330326,遗憾吧，就这样结束了.,287万,小黑豪吖
/playlist?id=2088938938,【网络流行】那些好听的中文歌曲,900万,东京不太热ht
/playlist?id=961246075,终于听懂每首情歌，却再也没有可以联系的人,4531万,GNC顾念晨
/playlist?id=7390770247,燃系｜古风爱好者的专属运动音乐,42万,箜箜如也-
/playlist?id=2091888360,燃向古风｜恩仇趁年华轻剑快马,42万,咬口奶油
/playlist?id=7091058146,民谣很文艺，可小酒馆里的酒并不便宜,119万,Schooldistricthouse
/playlist?id=7757898895,【民谣】偶然相遇 成云致雨,1829,LOPEN-Y77
/playlist?id=2806547431,中文说唱｜好听到爆,37万,张以晨_
/playlist?id=6704549152,网易云热歌合集（持续更新中…）,218万,银河趣事收藏家
/playlist?id=7066459351,你是在听歌，还是在听自己支离破碎的情绪,205万,TeMpT-y
/playlist?id=7490956239,民谣｜身处低谷时往往是变好的开始,16万,情思天鹅
/playlist?id=2807168180,●°丨520首丨超级好听的翻唱合集,2563万,-SuyNer
/playlist?id=2084040866,好听到单曲循环华语乐队,384万,何小飯儿
/playlist?id=2769468932,总有一天 你会遇到这世上唯一契合灵魂,894万,柠檬木有枝
/playlist?id=117198506,【JJ 林俊杰】一千年后记得我,284万,零下Young
/playlist?id=99805197,最美不过古风（女声）,528万,无心看风景_kygu
/playlist?id=7795316745,治愈翻唱｜独属的温柔感,125,番茄打蛋鸡
/playlist?id=5379844239,老歌翻唱 :这么好听的老歌翻唱怎么没人推荐,124万,心灵可否安静
/playlist?id=6677224069,我总不能阻止你 奔向比我更好的人吧,201万,YouTube全球音乐
/playlist?id=750393793,小酒馆里的民谣,672万,开心疗养院
/playlist?id=7694536748,小甜歌，甜到爆炸的情侣必听系列,7617,音乐想象家
/playlist?id=7823246560,冬日治愈｜在森林里，北极星是永远的方向,21637,雾月情书
/playlist?id=7111015532,华语情歌 | 爱意如晚霞渐暖渐浓,24万,贝克克y
/playlist?id=2336047826,超好听的男声翻唱哦,20293万,我鲁班不坑
/playlist?id=7658728944,华语治愈 日暮黄昏下的人间浪漫,24001,糖果罐里装有好多颜色
/playlist?id=7690724164,华语民谣丨故事和酒未来与她,59722,陈穆泽
/playlist?id=435723721,好听的翻唱Cover集,5565万,思see
/playlist?id=2855244393,本兮 + 徐良 + 汪苏泷 + 许嵩 = 青春,267万,Iove_VC
/playlist?id=2921577629,『网易云热歌』热评10万+的歌,3653万,杰宇情感君
/playlist?id=5169998034,『超10w热评歌曲』别听，会哭的。,491万,小黑豪吖
/playlist?id=7608265682,清凉一夏丨用轻快的旋律安抚燥热的心,37万,原创君
/playlist?id=4889447862,【私藏翻唱】超级好听的宝藏男生翻唱合集,205万,是你的顾柒柒_cc
/playlist?id=2545676687,听歌不听Live版，跟闲鱼有什么区别,1346万,橘子树风车
/playlist?id=2726789793,日子有点苦的时候，听这些歌加点糖吧,1038万,螚安Vivienne
/playlist?id=7112851916,好听到循环的歌单，日常更新中~,359万,小怼怼OvQ
/playlist?id=6761105859,民谣｜生活是这样子啊，不如诗啊,441万,一个聆听者o_o
/playlist?id=2871000053,「民谣」故事简单，刚好喜欢,481万,情思天鹅
/playlist?id=2739620691,耳边碎碎念念 要变身边岁岁年年,1208万,原创君
/playlist?id=1988668862,老歌金曲 | 永恒的经典,5540万,陳音匡
/playlist?id=6744085634,Rapper唱情歌 每天从早晨开始想你,428万,隐约可见的星光_iiu
/playlist?id=756696876,薛之谦的宝藏歌曲,173万,季节限定圣诞树
/playlist?id=7641074749,浪漫摇滚集/这是我一生中最勇敢的瞬间,10万,肆玖音乐
/playlist?id=5247794832,承诺只有听的人记得,237万,会心疼我嘛
/playlist?id=2900741811,华语优质男声 藏在记忆里的旧时光,468万,YouTube全球音乐
/playlist?id=6636492416,浪漫宿醉深蓝海底，耳边低呢轻轻爱意,202万,是你的粥粥i
/playlist?id=7795307933,经典情歌｜唱出男人最深沉的爱,87,番茄打蛋鸡
/playlist?id=2943855877,超好听的华语单曲,447万,跟风的胖虎
/playlist?id=6784909416,那些年你喜欢过的人，现在怎么样了？,235万,37号元素
/playlist?id=5146191146,好好去爱这个世界 因为你值得,3333万,螚安Vivienne
/playlist?id=2820578487,甜甜紫韵*玲声悠扬│发烧碟女声刘紫玲歌曲集,48004,阿成180203
/playlist?id=7804292844,等雪落 等烟火 等旧年辞去,3404,Karollkk7
/playlist?id=6711878397,郭顶 陶喆 方大同 余佳运,40万,来首音乐_
/playlist?id=7432961813,往事如耳 | 故事再美 结局还是再见,72826,月亮藏不住的小情绪
/playlist?id=5318604184,一个巨蟹座的听歌列表,841万,四川贫困人口
/playlist?id=2014791794,古装电视剧原声带精选,111万,只有情永在wy
/playlist?id=2874303160,我写作业听的歌！！！,98万,molorebi
/playlist?id=2972160851,国风说唱：江湖风起，侠客将远行,312万,一生向海
/playlist?id=2693042904,车载DJ ，好听到爆，开启全新耳畔,1650万,果粒熊_-
/playlist?id=2694913776,【回忆杀】追忆8090后经典老歌金曲,744万,呼啸雪夜
/playlist?id=4946005677,华语经典｜那些入耳难忘的男声,220万,云音乐VIP
/playlist?id=5449439068,要把温柔和例外留给值得的人，比如你,196万,mayuko然
/playlist?id=7810921489,我在人间贩卖星光只为收集世间温柔去见你,76,_豆腐花_
/playlist?id=7754393247,节奏布鲁斯 | 局部地区 雨 有你的地方 天晴,1284,Karollkk7
/playlist?id=6919475234,『披荆斩棘的哥哥』|第1-12期合集,44万,杨晓一Jessica
/playlist?id=374820366,曾经是否有被一句歌词打动过,1801万,跨过凌晨
/playlist?id=7491272556,戏腔古风｜国粹精选 绕梁遏云,159万,不二叔情感翻译官
/playlist?id=7674996123,太阳照常升起，悲伤无法释怀,35320,少年的杂货铺
/playlist?id=2463071445,华语伤感| 情绪零碎的时候你在想念谁,364万,是你的顾柒柒_cc
/playlist?id=111218515,【HiFi不一样的融入萨克斯柔情音乐+歌曲】,65443,马文威
/playlist?id=7386395682,甜甜的恋爱说唱 ｜带上耳机分享给你听,907万,6D不会说唱
/playlist?id=1979676879,戏腔韵味｜别人的故事里流着自己的泪,314万,迩ran
/playlist?id=518470994,小清新民谣|一听就会爱上的歌,2413万,被强煎的双黄蛋
/playlist?id=7830110020,摇滚新声｜自由与浪漫共舞,89,硬地原创音乐榜
/playlist?id=7627097144,赠你浪漫情歌，温柔仅你可见,15万,贝克克y
/playlist?id=7601816075,【民谣】逢人不必言深孤独本是常态,77707,小刘再也不熬夜了
/playlist?id=7645624584,『曲作精选』细数古风圈原创作曲人,10691,Tambition_Hong
/playlist?id=7648321280,那些歌词里的欲言又止,22073,茶茶_不要弄丢我了
/playlist?id=5446157676,好听到可以单曲循环哦,1964万,哈儿憨胖
/playlist?id=67752114,古风燃曲【华语篇】,239万,米虫-小蚊子丶一只呆雯纸
/playlist?id=4985825419,“孤独之前是迷茫，孤独过后便是成长”,895万,inhalone
/playlist?id=7804257928,华语治愈 | 圣诞是冬的来信，有暖气和奇迹,12224,Karollkk7
/playlist?id=7638527160,摇滚刺客/梅卡德尔/回春丹/疯医/卧轨的火车,16万,肆玖音乐
/playlist?id=6791570351,2023网络爆火流行热歌推荐(持续更新),182万,哥哥要喝排骨汤吗
/playlist?id=380264021,华语巅峰丨世纪前十年，群星闪耀群雄逐鹿,305万,让胡路与萨尔图
/playlist?id=716781326,那些年的古风燃曲【部分戏腔的,不含同人曲,83万,鳯狱炎
/playlist?id=2253700987,一些喜欢的流行乐,1491万,ouppy
/playlist?id=3102271741,【武侠】我本江湖人，当为江湖魂,72万,周仔呀
/playlist?id=2005048744,热歌精选：持续心动好听到单曲循环,1500万,苏箫羽
/playlist?id=7619261977,民谣丨从南山南到安和桥北,19440,Mmjc_
/playlist?id=890149010,甜到骨子里，听进心坎里,2701万,夕日向暖
/playlist?id=7656076614,歌声唱响新时代主旋律,141万,网易云音乐
/playlist?id=2908129288,晚安【熄灯了我可以哭了吗】,675万,赵宸彬
/playlist?id=2580866213,刘珂矣古风歌曲合辑,80579,珩萧雨溪
/playlist?id=2128374668,花粥歌曲全收录,277万,水果味地米酒
/playlist?id=2751199043,尚士达与隔壁老樊的故事,280万,布兰妳
/playlist?id=6659834678,葵因/凯瑟喵/邹念慈/愚青/曾雪雅,22万,偷偷的叹了口气
/playlist?id=6717999436,cute hiphop|可爱的女孩子喜欢听,60万,IKAYKAI
/playlist?id=7594685608,『80丶90后回忆杀』曾经火遍大街的网络歌曲,72万,音乐想象家
/playlist?id=7518460321,KTV必点经典：吟唱逝去的时光故事,19335,这条平凡的狗_QwQ
/playlist?id=7566171422,陶喆 郭顶 方大同 徐佳运 丁世光 汪昱名,15万,彭奕煊啊
/playlist?id=2765820785,告白吧！喜欢和你有关的一切,1032万,螚安Vivienne
/playlist?id=2771839415,隔壁老樊与解忧邵帅,1205万,小道先森
/playlist?id=7487870356,那就一直冷冰冰,13万,银雾__
/playlist?id=7811771444,2022超好听网络热榜Music ,3850,Bai_玲
/playlist?id=2837052695,薛之谦/邓紫棋/林俊杰/张杰/李荣浩等……,320万,皮皮虾段小影
/playlist?id=3001963825,【中文舞曲】老歌带DJ，就是这么嗨,217万,你像风一样吹过来
/playlist?id=361122635,惊艳耳朵的华语女声翻唱,5939万,活在水里的猫
/playlist?id=7624793640,『许巍』演唱会现场.旅行.空谷幽兰,19356,海峡好歌单
/playlist?id=7824564112,将故事写进歌里 ×0.8,589,奇龙耶夫
/playlist?id=7263154354,温柔的歌曲丨睡前音乐丨安静的夜,42065,林等等丶
/playlist?id=7754732078,旋律无忧｜多听音乐才不会胡思乱想,20万,硬地原创音乐榜
/playlist?id=598357586,深夜伤感催泪好歌 失恋别听『华语烟嗓』,1307万,AgoNyDRan
/playlist?id=2041615881,『曲作精选』细数古风圈原创作曲人❶,2836万,花色游戏
/playlist?id=4885298201,老歌最有味道 旧人最乱心绪,661万,mayuko然
/playlist?id=7487782627,2023网易云热歌精选（持续更新）,194万,圆嘟嘟小甜饼
/playlist?id=7720490190,深夜独处｜我们都活成了一座孤岛,15万,情思天鹅
/playlist?id=464104055,古风 | 这天下风情千万般 值得觊觎一眼,104万,艾琳艾德勒丶
/playlist?id=7245483969,2023网易云热歌榜超好听歌曲,785万,爱吃糖的小云
/playlist?id=421769188,【中国摇滚】沉重肉身下的片刻解脱,38万,鼠一属二
/playlist?id=2904324092,薛之谦/林俊杰/许嵩/李荣浩/毛不易,308万,大恩子zi
/playlist?id=2792976270,你肯定能熬到不喜欢TA的那一天,1419万,螚安Vivienne
/playlist?id=158743851,我是歌手【第二季】,76万,孔大锤
/playlist?id=7757253115,一腔爱恨，一场悲观，一卷青史，一场大梦,801,执剑稳
/playlist?id=2899361467,甜系华语：每天都想投入你的怀抱,168万,情感文字君
/playlist?id=7571447656,《蒙面歌王》音频收录 | 用歌声俘获你的心,21万,网易云音乐
/playlist?id=2870106565,古风精选 | 超好听的仙气中国风歌曲,890万,飞行棋的猫mor
/playlist?id=5133197603,一辈子只唱一次,182万,__量变__
/playlist?id=2535767098,逝去的台湾偶像剧金曲,5316万,太过于直白
/playlist?id=2472031211,成都下雪了 不打算来找我吗,96443,只喝water
/playlist?id=7477449701,浪漫黄昏丨等太阳落山, 就一起做梦,12万,Bzstrive
/playlist?id=7003229487,应该很失落吧 明明相爱却无法在一起,573万,Kaptainn
/playlist?id=7700539012,诠释摇滚：郑钧 许巍 崔健 梁博 汪峰,2039,Bruce梁博
/playlist?id=7574436265,放轻松丨快乐的秘诀是没必要不至于,38万,原创君
/playlist?id=5229729146,几十秒的心动：）,955万,飒_____
/playlist?id=136819374,老上海♡留声机镌刻的旧时光,70483,--苏麻离青--
/playlist?id=7817004735,心疼你 但我自己也是破碎的『伤感/降调』,875,对爱的执念从不是海
/playlist?id=629261184,还有多少勇敢，可以奋不顾身。,268万,-奔雷手文泰来-
/playlist?id=7070863924,轻快打游戏洗澡敷面膜专用｜超好听,68万,naomizww
/playlist?id=7513506118,浪漫摇滚｜世界需要讲讲道理，而我最偏心你,37475,雾月情书
/playlist?id=2982252440,你是自己永远的伴侣 请照顾好自己,1010万,mayuko然
/playlist?id=7656446363,夜晚时分｜时间从来不语 却回答了所有问题,16万,四季里的懒睡猫
/playlist?id=6684048600,90后经典回忆 KTV必点校园流行金曲,18万,芋圆是只猫
/playlist?id=7541411526,〖民谣在路上 〗爱与思念没有限定期,24446,Karollkk7
/playlist?id=2497341987,劲爆DJ中文曲,4931万,你与秋风皆是客
/playlist?id=8001567820,2022中国好声音现场歌曲（全收录）,71,解忧邵帅
/playlist?id=3114263846,《披荆斩棘的哥哥》精选作品集,209万,偷偷的叹了口气
/playlist?id=2705453803,华晨宇陈奕迅毛不易林俊杰薛之谦李荣浩,122万,PEachhhh0624
/playlist?id=3000057003,你偷偷喜欢一个人到什么程度,884万,mayuko然
/playlist?id=7521321614,致自己｜我们生而破碎，用活着来修修补补,79714,Bzstrive
/playlist?id=3013833025,【黑胶vip专属】华语会员歌单,731万,_豆腐花_
/playlist?id=7794117116,华语伤感：有些话，说与不说都是伤害,98,桥本环奈_Fairy
/playlist?id=7038732930,2022年民谣排行榜第一,59万,藍寳馬
/playlist?id=7836463442,华语伤感｜心都这样了，为什么还要伤害它,116,桥本环奈_Fairy
/playlist?id=2394477376,『翻唱』百首经典翻唱 每首都能单曲循环,1249万,乔合i
/playlist?id=7209978639,感情没有人让你输，除非你不想赢,76万,卡拉布拉拉
/playlist?id=7758625457,『Spylent』四百冷你啥时候发新歌,968,虚弱的鹤
/playlist?id=6844439740,♪偶然，飘过耳边的中文歌！②,23661,Leo尘一
/playlist?id=782743277,「前奏控」被前奏秒杀的古风歌,1907万,-穷尽诗家笔-
/playlist?id=899236984,王菲 高品质精选集【珍藏】,198万,栗子and粟米
/playlist?id=2678679055,晚安 我记得你以前很少熬夜的 ​​​,703万,螚安Vivienne
/playlist?id=3022854897,哭完了吗.哭完挂了,1483万,oreo灵
/playlist?id=2802039750,你走以后 再也没有,1320万,一月1st
/playlist?id=5232847228,没有什么反差 与现实不搭罢了.,228万,没有什么反差
/playlist?id=2149031036,古风·江湖｜任我游戏任我笑 琴狂剑也傲,467万,迩ran
/playlist?id=519839920,相遇总有意义，哪怕只是告别,201万,螚安Vivienne
/playlist?id=6784185940,总要允许有人错过你，才能赶上最好的相遇,1000万,银河趣事收藏家
/playlist?id=636863589,中文说唱天花板｜Real Hip-Hop｜,153万,CreepyCreepyCreepy
/playlist?id=7119117003,黑胶会员vip专享中文精选,248万,chelife
/playlist?id=5377485205,“干净而又温柔”,217万,我还记得_R
/playlist?id=7828395149,十二月是圣诞老人和糖果礼物的年末岁尾,136,Karollkk7
/playlist?id=6840493024,再狠的rapper在孤独de夜晚也会emo,152万,苏方Ye_J
/playlist?id=99637389,许嵩的风雅中国风,346万,SilveryStar
/playlist?id=7696581546,他们朝我扔泥巴，我用泥巴种荷花,23万,原创君
/playlist?id=3078781255,百听不厌的那些歌,730万,-MgAS
/playlist?id=5483423562,☀️ 日暮电影，天涯有人在等你,95万,Themint
/playlist?id=5329488007,励志说唱：不羁的灵魂定要在逆境中爆发,93507,一生向海
/playlist?id=2323364579,[民谣]房东的猫：把美好事物纯真的走完,109万,長樂州
/playlist?id=5453026642,100种表白方式：爱就要大声唱出来,391万,柠檬木有枝
/playlist?id=5219696456,我总不能耗尽一生换一句你的有可能,158万,螚安Vivienne
/playlist?id=2780631739,山有木兮卿有意【古风】,372万,Hathaway_7
/playlist?id=6628509471,保持对生活的期待，把每天都过得热气腾腾,221万,不愛學習的小象
/playlist?id=2387182880,民谣像酒有故事的人不能听,1064万,吵可爱的苗苗呀
/playlist?id=2139644807,【中文RAP】最怕Rapper唱情歌,43万,拿铁不加冰T-
/playlist?id=5045941917,你要偷偷厉害，万事皆可期待,719万,mayuko然
/playlist?id=5141997629,熬不完的夜和听不完的网易云·,201万,想念听枫吗
/playlist?id=4892232668,100首神仙级宝藏音乐(小红书搬运),191万,司秦_
/playlist?id=7057466173,去吹吹风吧 能醒的话感冒也没关系,397万,刘正武武武
/playlist?id=6842404402,百首DJ名曲 | 来场有质感的迪吧,665万,人间宝藏顶配挖机
/playlist?id=3020068902,失恋后才听懂这些歌,909万,oreo灵
/playlist?id=2070196235,一拜天地【戏腔】,717万,有肉那种
/playlist?id=5269293839,精选 | 古风歌单,348万,G寄予
/playlist?id=4912968028,人生漫长 祝你们可爱的不像话 ​​​​,545万,螚安Vivienne
/playlist?id=4952954469,房东的猫/解忧邵帅/隔壁老樊/枯木逢春,278万,_南鸽先生_
/playlist?id=2671145804,高考百日冲刺：乾坤未定，你我皆是黑马,556万,mayuko然
/playlist?id=7091283948,甜蜜嘻哈 柔情说唱 超炫flow,1066万,月牙超级甜y_y
/playlist?id=820084317,【民谣里】姑娘，你的酒铺还缺人么,1561万,猫头罐与六便士
/playlist?id=2466801390,华语Funky. 可爱而不失骚气,408万,未完成的渥修斯基
/playlist?id=2808229299,你喝的好醉 眼角都是泪,80万,月亮上-唱歌的人
/playlist?id=7651058188,天色渐凉｜行色匆匆 你是我最最惦记,26710,四季里的懒睡猫
/playlist?id=7492144893,找到生活的烟火气，过向往的生活,22万,我真脾气不好
/playlist?id=5349205958,网 易 云 伤 感 音 乐,627万,四川贫困人口
/playlist?id=2793527714,人言可畏，想拥抱一个为我捂住耳朵的人,961万,mayuko然
/playlist?id=2897918638,甜度99% | 饶舌歌手藏在星河里的浪漫,223万,名侦探-柯北
/playlist?id=146378738,暗杠的音乐世界,229万,暗杠小发
/playlist?id=5145171537,华语爵士特调│掩不住的迷迭风情,52万,Evelauren
/playlist?id=2854994499,民谣小酒馆：岁月如歌，人生几何,22万,我自清欢丨被嫌弃的唐唐的一生
/playlist?id=2134203011,一百首‖让你瞬间勾起回忆的老歌,2478万,情思天鹅
/playlist?id=2401738837,精选‖孙燕姿/田馥甄/蔡健雅/莫文蔚/梁静茹,2154万,格林岛屿
/playlist?id=2645509561,男生的温柔侵入心底 珊瑚长出海面伸向月亮,3725万,可是如何逃离地球
/playlist?id=7633297322,0.8x降速 能放慢你走的脚步嘛,116万,东东想抱抱
/playlist?id=2127074784,致暗恋：陪伴是最怂的告白,1192万,mayuko然
/playlist?id=7651548576,治愈杂货铺•路过人间的愈疗旅途,15509,贝克克y
/playlist?id=7669556427,柿柿顺利｜路上总有阴影 抬头总能看见阳光,32279,四季里的懒睡猫
/playlist?id=5321600797,这一年你拥抱了什么 又失去了什么,578万,甜氧i
/playlist?id=7082875183,很遗憾吧 快要把你忘了,175万,刘正武武武
/playlist?id=941890036,陈奕迅·薛之谦·李荣浩,842万,橘猫白狗
/playlist?id=6988811301,一个天秤座的听歌列表,370万,四川贫困人口
/playlist?id=7627627378,少年音 | 抬头去拥抱更热烈的风吧,34617,芳心收集人
/playlist?id=2184036903,有一种情歌是温暖的，它叫老男孩张震岳,175万,大圆老陈
/playlist?id=3112978792,网易云评论最多民谣TOP50,17万,蚕豆音乐娘
/playlist?id=7063163012,终其一生满是遗憾「0.8X / 0.7X」降调慢速,18万,月亮藏不住的小情绪
/playlist?id=2353275887,精选丨林宥嘉 薛之谦 毛不易 李荣浩 陈奕迅,4245万,夜里出逃
/playlist?id=7644031895,向野而生｜让自由的灵魂在音乐中野蛮生长,31万,硬地原创音乐榜
/playlist?id=7846069658,新年快乐｜祝大家2023 所愿都成真,196,蛋壳Maxd
/playlist?id=2473773431,那些好听到单曲循环的流行热歌（2022）,320万,是林新新啊
/playlist?id=7289619689,歌单｜【来自粉丝们的投稿！感谢分享！！】,35万,佛系音乐藏家
/playlist?id=5480315734,“不要离开，我会很想你”,234万,一生向海
/playlist?id=5016127435,上车犯困时听的DJ伤感歌,816万,决劣
/playlist?id=2884425721,与你冬日的终极浪漫,380万,谢筱涵
/playlist?id=5051447966,恋爱发明家 甜蜜rap,1010万,嗷念念
/playlist?id=947179807,世事一场大梦，人生几度秋凉,296万,-穷尽诗家笔-
/playlist?id=2492653494,能与情歌抗衡的，唯有你的眼神,945万,李天使耶
/playlist?id=4909785318,♥︎Rap BEAT♥︎——【说唱伴奏】CHILL,894万,四川贫困人口
/playlist?id=2799125848,华语精选｜评论过10万+的优质歌曲,1080万,借風擁妳
/playlist?id=994017498,【燃向】【大气】古风男声 策马江湖,359万,竹七_1007
/playlist?id=7893241446,华语伤感｜没有勇气面对一个深爱过的你,56,桥本环奈_Fairy
/playlist?id=2088751959,孙露｜独一无二的嗓音，穿透灵魂的磁性女声,17万,借風擁妳
/playlist?id=6797797721,匆匆那年 | 人生是一场错过 愿你别蹉跎,309万,鮭魚先森
/playlist?id=405401135,超神韵脚。（抓耳旋律爆炸国产RAP）,1044万,Dz__Y
/playlist?id=6785387087,莫文蔚－这世界那么多人,519万,一个聆听者o_o
/playlist?id=6590457173,隔壁老樊/陈奕迅/颜人中/枯木逢春,150万,小黑豪吖
/playlist?id=5482915577,放弃喜欢了很久的人是什么感觉？,263万,Evelauren
/playlist?id=2956565031,中文跑步歌单动力节奏(非踩点,324万,斑马斑马睡着了i
/playlist?id=5014508678,如果我能早点长大 是不是就不会失去你了,1229万,仙女爱吃香菜_
/playlist?id=930938078,锦零/程嘉敏/阮豆/秋仁/西二/大柯/王舒,803万,司倦
/playlist?id=5012047162,你怎么还不来告白，我都想好怎么答应你了,63万,37号元素
/playlist?id=2874150248,别担心 迟早都会和喜欢的人在一起的,420万,螚安Vivienne
/playlist?id=2329680016,以前喜欢一个人，现在喜欢一个人,2274万,GNC顾念晨
/playlist?id=7550276581,一个白羊座的听歌列表,42618,芳心收集人
/playlist?id=7452258912,甜系动听rap丨无处安放的心跳,46万,Listento丶music
/playlist?id=375867020,迎着不停摇摆的世界 | 不燥类摇滚,316万,座頭市ZATOICHI
/playlist?id=6840490074,「走心中文说唱」做你想做的“Real me”,81万,苏方Ye_J
/playlist?id=2676372602,向江南折过花，对春风与红蜡,78万,拾辰QAQ
/playlist?id=5056664067,孙燕姿|总有首歌和青春对号入座,110万,云音乐VIP
/playlist?id=2725009176,「乐队的夏天」值得一听的中国乐队,200万,断鸢DarkEagle
/playlist?id=5083098700,古风‖各大类戏腔,68万,从不洗裤
/playlist?id=454158611,一曲戏腔极尽风流，一抹笑靥极尽欢颜。,2732万,明月与山川
/playlist?id=7660895089,怀旧珍藏 | 愿时光能缓,故人不散,16万,网易云音乐
/playlist?id=5217235217,致爱张杰 | 关于爱的20种表达方式,139万,网易云音乐
/playlist?id=2122972243,累了，就带上耳机好好休息，安静的听歌。,192万,醉梦呐
/playlist?id=7791863933,贝贝 | 李京泽ljz329 | 123Doremi,68492,芳心收集人
/playlist?id=2476011311,[民谣]这些民谣一次听个够,535万,小刘再也不熬夜了
/playlist?id=2371726773,忘川风华录（三无）,246万,田入伏风
/playlist?id=2462024605,＃音乐的力量·华语♡,3683万,橙十六的网易云音乐
/playlist?id=129651543,【发烧红歌更加红】HiFi高保真的音质,67万,马文威
/playlist?id=5308822263,Rapper情话 | 国语情歌说唱,416万,Kolerchn-
/playlist?id=162077153,音乐才子许嵩经典歌曲,3504万,倾心汝之恋0719
/playlist?id=2721877134,人间不值得 黄诗扶值得.,86万,UnicornKingdom
/playlist?id=6847070389,日子简单的过，长路慢慢的走，别急~,80万,四季里的懒睡猫
/playlist?id=7389631297,每一首歌都是一段故事,33万,空心釉-2023好运连连
/playlist?id=982705650,好想变成雪啊 这样就可以落在先生肩上了,910万,跨过凌晨
/playlist?id=96148442,他们只出过一张唱片，但足够精彩,876万,胖子最多情
/playlist?id=4877708193,那些惊艳的古风歌曲,648万,Huayu清晨
/playlist?id=22242555,精选古风合集(不听后悔系列),1110万,木砂砂
/playlist?id=5308101130,300首华人流行经典 | 00前专辑,562万,PolooStudio
/playlist?id=7497174083,错过就别再回头.,17万,懒羊羊_Ygy
/playlist?id=23600341,【剧情歌】跟着对白旁白歌词听那爱恨情仇,299万,米虫-小蚊子丶一只呆雯纸
/playlist?id=2777361006,余生：找一个相同频率的人在一起,577万,情思天鹅
/playlist?id=7490105774,绝美古风戏腔 | 一悲一喜一抖袖,44万,不二叔情感翻译官
/playlist?id=7574437926,我已经变了，但也来不及了,52948,音乐想象家
/playlist?id=3017731066,超好听的温柔的宝藏rap,404万,我鲁班不坑
/playlist?id=5365816389,“你走以后，再也没有。”,522万,蔡嘉辉-
/playlist?id=2899785819,希望喜欢的人跟期待的事，都再快点到来吧,473万,螚安Vivienne
/playlist?id=7108345143,伤感emo歌单 | 深夜了来听听吧,15万,芳心收集人
/playlist?id=474564716,听华语中的爵士味道，别样慵懒,805万,墨_子陳
/playlist?id=590330982,每一声再见，一不小心变成了后会无期,525万,螚安Vivienne
/playlist?id=6950084474,睡前emo：深夜藏在耳机里的孤独,181万,空气很颓废
/playlist?id=7795527850,2022年评论过10万的歌,35万,番茄打蛋鸡
/playlist?id=550826227,「民谣」你要学会长大，一个人抵过千军万马,529万,螚安Vivienne
/playlist?id=2659242153,“原来执着太久的东西本就失去了意义”,241万,快乐的鸭鸭
/playlist?id=2628037120,未曾谋面的也终将会相遇的,298万,Kize7
/playlist?id=2211589742,这都是些什么神仙翻唱,434万,和我一起走夜路
/playlist?id=2205521840,超甜每日|今天不emo,754万,及时行乐cap
/playlist?id=7253576723,听完那就释怀吧,59万,Feel零壹
/playlist?id=3185179933,你是要长大的小朋友 拜托撑着别倒下去,282万,螚安Vivienne
/playlist?id=7487435959,网易云那些好听到爆歌曲（持续更新）,356万,圆嘟嘟小甜饼
/playlist?id=880845888,深情似海又怎样，爱还不是照样打水飘,352万,过去被顺时针忘记
